"transfer_id","travel_date","origin","transfer_hub","final_destination","season","waiting_time_min","connection_made","leg1_fare_inr","leg2_fare_inr","total_fare_inr","direct_fare_inr","fare_penalty_inr","passenger_type"
"TF0001",2024-12-24,"TIRUCHENDUR","MADURAI","TRICHY","Winter",47,TRUE,295,280,575,484,91,"Adult"
"TF0002",2024-12-03,"SALEM","CHENNAI KILAMBAKKAM KCBT","MADURAI","Winter",63,TRUE,295,120,415,336,79,"Adult"
"TF0003",2025-01-01,"THANJAVUR","TRICHY","NAGERCOIL","Winter",46,TRUE,497,120,617,582,35,"Senior"
"TF0004",2024-10-14,"THANJAVUR","TRICHY","NAGERCOIL","Festive",75,TRUE,536,145,681,638,43,"Adult"
"TF0005",2024-10-26,"TIRUCHENDUR","MADURAI","TRICHY","Festive",10,TRUE,680,320,1000,902,98,"Adult"
"TF0006",2024-12-22,"TIRUPPUR","TRICHY","MADURAI","Winter",14,TRUE,536,145,681,549,132,"Child"
"TF0007",2024-12-28,"THANJAVUR","TRICHY","NAGERCOIL","Winter",34,TRUE,536,280,816,739,77,"Adult"
"TF0008",2025-01-13,"COIMBATORE","TRICHY","MADURAI","Winter",27,TRUE,680,120,800,739,61,"Adult"
"TF0009",2024-12-15,"COIMBATORE","CHENNAI KILAMBAKKAM KCBT","MADURAI","Winter",10,TRUE,680,220,900,732,168,"Adult"
"TF0010",2025-01-28,"COIMBATORE","CHENNAI KILAMBAKKAM KCBT","MADURAI","Winter",25,TRUE,346,220,566,522,44,"Adult"
"TF0011",2024-12-31,"COIMBATORE","CHENNAI KILAMBAKKAM KCBT","MADURAI","Winter",10,FALSE,536,145,681,626,55,"Adult"
"TF0012",2024-12-15,"BENGALURU","CHENNAI KILAMBAKKAM KCBT","TRICHY","Winter",54,FALSE,680,280,960,786,174,"Adult"
"TF0013",2024-12-22,"TIRUPPUR","TRICHY","MADURAI","Winter",42,TRUE,295,120,415,341,74,"Adult"
"TF0014",2024-12-27,"BENGALURU","CHENNAI KILAMBAKKAM KCBT","TRICHY","Winter",56,TRUE,295,280,575,520,55,"Adult"
"TF0015",2025-02-11,"BENGALURU","CHENNAI KILAMBAKKAM KCBT","TRICHY","Winter",37,TRUE,536,280,816,744,72,"Adult"
"TF0016",2024-10-20,"TIRUCHENDUR","MADURAI","TRICHY","Festive",58,TRUE,536,220,756,701,55,"Student"
"TF0017",2024-10-09,"TIRUCHENDUR","MADURAI","TRICHY","Festive",27,TRUE,346,120,466,439,27,"Adult"
"TF0018",2024-12-13,"THANJAVUR","TRICHY","NAGERCOIL","Winter",50,TRUE,680,145,825,767,58,"Adult"
"TF0019",2024-09-30,"COIMBATORE","CHENNAI KILAMBAKKAM KCBT","MADURAI","Normal",39,TRUE,536,145,681,587,94,"Adult"
"TF0020",2024-09-02,"THANJAVUR","TRICHY","NAGERCOIL","Normal",25,TRUE,497,320,817,682,135,"Senior"
"TF0021",2024-09-08,"TIRUCHENDUR","MADURAI","TRICHY","Normal",24,FALSE,295,220,515,442,73,"Senior"
"TF0022",2024-12-05,"BENGALURU","CHENNAI KILAMBAKKAM KCBT","MADURAI","Winter",30,TRUE,295,120,415,350,65,"Adult"
"TF0023",2024-10-02,"SALEM","TRICHY","MADURAI","Festive",52,TRUE,536,145,681,611,70,"Adult"
"TF0024",2024-12-31,"BENGALURU","CHENNAI KILAMBAKKAM KCBT","MADURAI","Winter",27,TRUE,497,280,777,656,121,"Adult"
"TF0025",2025-02-26,"BENGALURU","CHENNAI KILAMBAKKAM KCBT","TRICHY","Winter",64,TRUE,680,145,825,763,62,"Adult"
"TF0026",2024-11-03,"TIRUCHENDUR","MADURAI","TRICHY","Festive",65,TRUE,346,280,626,534,92,"Adult"
"TF0027",2025-01-24,"THANJAVUR","MADURAI","NAGERCOIL","Winter",34,TRUE,680,280,960,853,107,"Adult"
"TF0028",2025-02-13,"THANJAVUR","MADURAI","NAGERCOIL","Winter",45,FALSE,295,120,415,366,49,"Senior"
"TF0029",2024-10-21,"BENGALURU","CHENNAI KILAMBAKKAM KCBT","MADURAI","Festive",46,TRUE,497,220,717,590,127,"Adult"
"TF0030",2025-02-25,"THANJAVUR","MADURAI","NAGERCOIL","Winter",55,TRUE,536,280,816,702,114,"Adult"
"TF0031",2024-11-04,"SALEM","TRICHY","MADURAI","Festive",45,FALSE,295,145,440,396,44,"Child"
"TF0032",2025-02-06,"SALEM","TRICHY","MADURAI","Winter",37,TRUE,536,120,656,531,125,"Adult"
"TF0033",2025-01-17,"SALEM","TRICHY","MADURAI","Winter",24,TRUE,346,120,466,399,67,"Adult"
"TF0034",2024-12-06,"SALEM","TRICHY","MADURAI","Winter",56,TRUE,497,320,817,681,136,"Adult"
"TF0035",2024-10-26,"THANJAVUR","MADURAI","NAGERCOIL","Festive",72,TRUE,536,120,656,544,112,"Adult"
"TF0036",2025-02-22,"BENGALURU","CHENNAI KILAMBAKKAM KCBT","MADURAI","Winter",43,TRUE,346,145,491,454,37,"Adult"
"TF0037",2025-02-14,"COIMBATORE","CHENNAI KILAMBAKKAM KCBT","MADURAI","Winter",69,TRUE,346,320,666,534,132,"Adult"
"TF0038",2024-09-13,"TIRUPPUR","TRICHY","MADURAI","Normal",49,FALSE,295,120,415,356,59,"Adult"
"TF0039",2024-11-02,"COIMBATORE","TRICHY","MADURAI","Festive",10,TRUE,536,320,856,715,141,"Student"
"TF0040",2024-12-23,"COIMBATORE","CHENNAI KILAMBAKKAM KCBT","MADURAI","Winter",65,TRUE,536,120,656,563,93,"Adult"
"TF0041",2024-10-28,"COIMBATORE","CHENNAI KILAMBAKKAM KCBT","MADURAI","Festive",23,TRUE,536,220,756,609,147,"Senior"
"TF0042",2024-11-22,"THANJAVUR","TRICHY","NAGERCOIL","Festive",21,TRUE,497,320,817,690,127,"Student"
"TF0043",2025-02-11,"TIRUCHENDUR","MADURAI","TRICHY","Winter",41,TRUE,295,145,440,402,38,"Adult"
"TF0044",2025-02-16,"SALEM","TRICHY","MADURAI","Winter",44,TRUE,295,320,615,568,47,"Adult"
"TF0045",2025-02-27,"BENGALURU","CHENNAI KILAMBAKKAM KCBT","MADURAI","Winter",58,TRUE,680,145,825,711,114,"Adult"
"TF0046",2024-12-26,"TIRUCHENDUR","MADURAI","TRICHY","Winter",34,TRUE,680,320,1000,910,90,"Adult"
"TF0047",2024-12-04,"SALEM","CHENNAI KILAMBAKKAM KCBT","MADURAI","Winter",56,TRUE,497,220,717,633,84,"Adult"
"TF0048",2025-02-13,"SALEM","TRICHY","MADURAI","Winter",68,FALSE,536,120,656,597,59,"Adult"
"TF0049",2024-11-29,"SALEM","CHENNAI KILAMBAKKAM KCBT","MADURAI","Festive",30,TRUE,497,145,642,542,100,"Student"
"TF0050",2024-12-31,"COIMBATORE","TRICHY","MADURAI","Winter",10,TRUE,497,120,617,494,123,"Student"
"TF0051",2024-11-02,"TIRUCHENDUR","MADURAI","TRICHY","Festive",25,TRUE,536,145,681,581,100,"Adult"
"TF0052",2025-02-22,"COIMBATORE","CHENNAI KILAMBAKKAM KCBT","MADURAI","Winter",50,TRUE,497,280,777,706,71,"Child"
"TF0053",2024-11-11,"TIRUCHENDUR","MADURAI","TRICHY","Festive",34,TRUE,497,145,642,551,91,"Adult"
"TF0054",2024-11-26,"SALEM","CHENNAI KILAMBAKKAM KCBT","MADURAI","Festive",42,TRUE,346,120,466,421,45,"Child"
"TF0055",2024-12-13,"SALEM","CHENNAI KILAMBAKKAM KCBT","MADURAI","Winter",47,TRUE,295,145,440,382,58,"Adult"
"TF0056",2024-09-18,"COIMBATORE","TRICHY","MADURAI","Normal",27,TRUE,295,320,615,506,109,"Adult"
"TF0057",2024-09-29,"BENGALURU","CHENNAI KILAMBAKKAM KCBT","MADURAI","Normal",39,TRUE,497,120,617,539,78,"Adult"
"TF0058",2025-01-16,"COIMBATORE","CHENNAI KILAMBAKKAM KCBT","MADURAI","Winter",51,TRUE,497,220,717,637,80,"Adult"
"TF0059",2024-11-16,"THANJAVUR","MADURAI","NAGERCOIL","Festive",57,TRUE,536,120,656,617,39,"Adult"
"TF0060",2025-02-19,"BENGALURU","CHENNAI KILAMBAKKAM KCBT","MADURAI","Winter",59,TRUE,497,280,777,649,128,"Adult"
"TF0061",2025-02-11,"TIRUPPUR","TRICHY","MADURAI","Winter",49,TRUE,295,280,575,489,86,"Child"
"TF0062",2024-12-19,"COIMBATORE","CHENNAI KILAMBAKKAM KCBT","MADURAI","Winter",34,TRUE,497,145,642,609,33,"Student"
"TF0063",2024-09-13,"THANJAVUR","TRICHY","NAGERCOIL","Normal",10,TRUE,536,120,656,548,108,"Adult"
"TF0064",2025-02-13,"TIRUPPUR","TRICHY","MADURAI","Winter",66,TRUE,346,320,666,595,71,"Adult"
"TF0065",2025-01-17,"TIRUCHENDUR","MADURAI","TRICHY","Winter",103,FALSE,346,120,466,376,90,"Adult"
"TF0066",2024-11-09,"COIMBATORE","CHENNAI KILAMBAKKAM KCBT","MADURAI","Festive",32,TRUE,536,220,756,638,118,"Child"
"TF0067",2024-11-15,"BENGALURU","CHENNAI KILAMBAKKAM KCBT","MADURAI","Festive",66,TRUE,346,120,466,440,26,"Senior"
"TF0068",2024-09-16,"THANJAVUR","MADURAI","NAGERCOIL","Normal",29,TRUE,295,320,615,574,41,"Adult"
"TF0069",2024-09-14,"BENGALURU","CHENNAI KILAMBAKKAM KCBT","TRICHY","Normal",10,TRUE,497,220,717,660,57,"Adult"
"TF0070",2024-10-18,"TIRUCHENDUR","MADURAI","TRICHY","Festive",26,TRUE,346,120,466,406,60,"Child"
"TF0071",2024-12-18,"THANJAVUR","MADURAI","NAGERCOIL","Winter",44,TRUE,497,320,817,754,63,"Adult"
"TF0072",2025-02-26,"TIRUPPUR","TRICHY","MADURAI","Winter",31,TRUE,497,145,642,550,92,"Student"
"TF0073",2025-01-06,"COIMBATORE","CHENNAI KILAMBAKKAM KCBT","MADURAI","Winter",10,FALSE,497,220,717,659,58,"Adult"
"TF0074",2025-01-20,"THANJAVUR","TRICHY","NAGERCOIL","Winter",22,TRUE,536,280,816,695,121,"Adult"
"TF0075",2024-09-11,"SALEM","CHENNAI KILAMBAKKAM KCBT","MADURAI","Normal",65,TRUE,680,320,1000,915,85,"Adult"
"TF0076",2025-01-16,"SALEM","CHENNAI KILAMBAKKAM KCBT","MADURAI","Winter",60,TRUE,536,120,656,552,104,"Adult"
"TF0077",2025-02-04,"SALEM","TRICHY","MADURAI","Winter",68,TRUE,536,280,816,657,159,"Student"
"TF0078",2025-02-06,"SALEM","TRICHY","MADURAI","Winter",64,TRUE,680,120,800,677,123,"Adult"
"TF0079",2024-12-12,"TIRUPPUR","TRICHY","MADURAI","Winter",15,TRUE,680,220,900,724,176,"Adult"
"TF0080",2025-01-02,"BENGALURU","CHENNAI KILAMBAKKAM KCBT","MADURAI","Winter",56,TRUE,497,280,777,661,116,"Student"
"TF0081",2024-10-21,"THANJAVUR","TRICHY","NAGERCOIL","Festive",77,TRUE,346,220,566,465,101,"Adult"
"TF0082",2025-01-27,"SALEM","TRICHY","MADURAI","Winter",29,TRUE,497,120,617,584,33,"Adult"
"TF0083",2025-01-26,"THANJAVUR","TRICHY","NAGERCOIL","Winter",68,TRUE,680,120,800,727,73,"Child"
"TF0084",2025-02-18,"THANJAVUR","TRICHY","NAGERCOIL","Winter",52,TRUE,680,145,825,695,130,"Adult"
"TF0085",2025-01-24,"TIRUPPUR","TRICHY","MADURAI","Winter",30,TRUE,346,280,626,553,73,"Adult"
"TF0086",2025-01-18,"TIRUPPUR","TRICHY","MADURAI","Winter",46,TRUE,536,320,856,741,115,"Student"
"TF0087",2024-09-03,"TIRUPPUR","TRICHY","MADURAI","Normal",39,TRUE,536,220,756,648,108,"Adult"
"TF0088",2024-12-18,"TIRUCHENDUR","MADURAI","TRICHY","Winter",45,TRUE,295,320,615,492,123,"Adult"
"TF0089",2024-09-16,"COIMBATORE","CHENNAI KILAMBAKKAM KCBT","MADURAI","Normal",33,TRUE,346,320,666,592,74,"Adult"
"TF0090",2024-11-24,"BENGALURU","CHENNAI KILAMBAKKAM KCBT","MADURAI","Festive",76,TRUE,346,120,466,401,65,"Adult"
"TF0091",2025-02-24,"THANJAVUR","TRICHY","NAGERCOIL","Winter",69,TRUE,680,220,900,765,135,"Adult"
"TF0092",2024-10-15,"TIRUCHENDUR","MADURAI","TRICHY","Festive",52,TRUE,497,120,617,569,48,"Adult"
"TF0093",2024-09-23,"COIMBATORE","TRICHY","MADURAI","Normal",82,TRUE,497,120,617,564,53,"Senior"
"TF0094",2024-12-20,"COIMBATORE","CHENNAI KILAMBAKKAM KCBT","MADURAI","Winter",80,TRUE,295,220,515,489,26,"Child"
"TF0095",2024-11-12,"TIRUPPUR","TRICHY","MADURAI","Festive",28,TRUE,497,280,777,691,86,"Student"
"TF0096",2024-10-17,"SALEM","CHENNAI KILAMBAKKAM KCBT","MADURAI","Festive",69,TRUE,680,145,825,686,139,"Adult"
"TF0097",2025-01-03,"THANJAVUR","MADURAI","NAGERCOIL","Winter",62,TRUE,536,145,681,556,125,"Adult"
"TF0098",2024-10-13,"TIRUCHENDUR","MADURAI","TRICHY","Festive",41,TRUE,536,320,856,764,92,"Adult"
"TF0099",2025-01-14,"COIMBATORE","CHENNAI KILAMBAKKAM KCBT","MADURAI","Winter",45,TRUE,295,145,440,397,43,"Adult"
"TF0100",2024-12-07,"TIRUCHENDUR","MADURAI","TRICHY","Winter",38,TRUE,346,120,466,415,51,"Adult"
"TF0101",2024-12-22,"TIRUPPUR","TRICHY","MADURAI","Winter",76,TRUE,536,280,816,691,125,"Adult"
"TF0102",2024-12-10,"BENGALURU","CHENNAI KILAMBAKKAM KCBT","TRICHY","Winter",18,TRUE,295,220,515,434,81,"Adult"
"TF0103",2025-01-31,"BENGALURU","CHENNAI KILAMBAKKAM KCBT","MADURAI","Winter",41,TRUE,536,145,681,575,106,"Child"
"TF0104",2024-11-15,"BENGALURU","CHENNAI KILAMBAKKAM KCBT","MADURAI","Festive",72,TRUE,295,145,440,411,29,"Child"
"TF0105",2024-12-24,"BENGALURU","CHENNAI KILAMBAKKAM KCBT","MADURAI","Winter",54,TRUE,497,120,617,520,97,"Adult"
"TF0106",2024-10-30,"SALEM","CHENNAI KILAMBAKKAM KCBT","MADURAI","Festive",82,TRUE,346,145,491,403,88,"Adult"
"TF0107",2024-10-17,"COIMBATORE","TRICHY","MADURAI","Festive",41,FALSE,497,280,777,698,79,"Adult"
"TF0108",2024-09-02,"COIMBATORE","CHENNAI KILAMBAKKAM KCBT","MADURAI","Normal",55,TRUE,346,280,626,506,120,"Adult"
"TF0109",2024-10-14,"COIMBATORE","TRICHY","MADURAI","Festive",54,FALSE,346,145,491,445,46,"Adult"
"TF0110",2024-10-29,"THANJAVUR","MADURAI","NAGERCOIL","Festive",29,TRUE,497,120,617,526,91,"Adult"
"TF0111",2024-09-27,"BENGALURU","CHENNAI KILAMBAKKAM KCBT","TRICHY","Normal",33,TRUE,497,145,642,571,71,"Adult"
"TF0112",2024-09-01,"SALEM","TRICHY","MADURAI","Normal",23,TRUE,680,320,1000,807,193,"Adult"
"TF0113",2024-09-08,"THANJAVUR","TRICHY","NAGERCOIL","Normal",24,TRUE,536,320,856,748,108,"Senior"
"TF0114",2024-10-23,"COIMBATORE","CHENNAI KILAMBAKKAM KCBT","MADURAI","Festive",89,TRUE,346,320,666,581,85,"Child"
"TF0115",2024-09-20,"THANJAVUR","TRICHY","NAGERCOIL","Normal",73,TRUE,497,120,617,560,57,"Student"
"TF0116",2024-10-26,"COIMBATORE","CHENNAI KILAMBAKKAM KCBT","MADURAI","Festive",10,TRUE,680,280,960,861,99,"Adult"
"TF0117",2024-12-14,"TIRUCHENDUR","MADURAI","TRICHY","Winter",16,TRUE,346,145,491,465,26,"Adult"
"TF0118",2025-01-14,"COIMBATORE","TRICHY","MADURAI","Winter",16,TRUE,497,220,717,610,107,"Adult"
"TF0119",2025-02-07,"THANJAVUR","MADURAI","NAGERCOIL","Winter",33,TRUE,536,280,816,675,141,"Adult"
"TF0120",2024-11-23,"COIMBATORE","TRICHY","MADURAI","Festive",34,FALSE,295,120,415,389,26,"Senior"
"TF0121",2025-01-14,"BENGALURU","CHENNAI KILAMBAKKAM KCBT","TRICHY","Winter",45,TRUE,536,220,756,692,64,"Adult"
"TF0122",2024-10-01,"THANJAVUR","TRICHY","NAGERCOIL","Festive",47,TRUE,346,220,566,512,54,"Adult"
"TF0123",2025-02-07,"SALEM","TRICHY","MADURAI","Winter",39,TRUE,346,320,666,630,36,"Student"
"TF0124",2024-12-23,"COIMBATORE","CHENNAI KILAMBAKKAM KCBT","MADURAI","Winter",51,TRUE,497,220,717,632,85,"Adult"
"TF0125",2024-12-12,"SALEM","TRICHY","MADURAI","Winter",11,TRUE,536,120,656,533,123,"Adult"
"TF0126",2024-11-04,"TIRUPPUR","TRICHY","MADURAI","Festive",45,TRUE,346,320,666,630,36,"Adult"
"TF0127",2025-02-03,"TIRUPPUR","TRICHY","MADURAI","Winter",54,TRUE,295,120,415,358,57,"Adult"
"TF0128",2024-09-05,"COIMBATORE","CHENNAI KILAMBAKKAM KCBT","MADURAI","Normal",50,TRUE,536,145,681,644,37,"Adult"
"TF0129",2024-12-27,"TIRUPPUR","TRICHY","MADURAI","Winter",60,TRUE,536,145,681,572,109,"Adult"
"TF0130",2025-01-30,"THANJAVUR","MADURAI","NAGERCOIL","Winter",73,TRUE,346,280,626,594,32,"Adult"
"TF0131",2024-09-07,"SALEM","TRICHY","MADURAI","Normal",64,TRUE,497,220,717,654,63,"Adult"
"TF0132",2024-09-30,"BENGALURU","CHENNAI KILAMBAKKAM KCBT","MADURAI","Normal",58,TRUE,497,320,817,658,159,"Adult"
"TF0133",2024-11-08,"SALEM","CHENNAI KILAMBAKKAM KCBT","MADURAI","Festive",10,TRUE,295,320,615,554,61,"Adult"
"TF0134",2025-01-28,"TIRUCHENDUR","MADURAI","TRICHY","Winter",42,TRUE,346,320,666,577,89,"Adult"
"TF0135",2024-09-18,"COIMBATORE","TRICHY","MADURAI","Normal",39,TRUE,346,145,491,431,60,"Adult"
"TF0136",2024-09-15,"SALEM","CHENNAI KILAMBAKKAM KCBT","MADURAI","Normal",48,TRUE,536,220,756,698,58,"Adult"
"TF0137",2025-01-08,"COIMBATORE","TRICHY","MADURAI","Winter",23,TRUE,536,320,856,805,51,"Adult"
"TF0138",2025-01-22,"SALEM","TRICHY","MADURAI","Winter",41,TRUE,680,320,1000,875,125,"Adult"
"TF0139",2024-12-02,"SALEM","TRICHY","MADURAI","Winter",50,TRUE,497,145,642,540,102,"Adult"
"TF0140",2024-09-10,"COIMBATORE","CHENNAI KILAMBAKKAM KCBT","MADURAI","Normal",38,TRUE,346,145,491,426,65,"Student"
"TF0141",2024-11-27,"COIMBATORE","CHENNAI KILAMBAKKAM KCBT","MADURAI","Festive",37,TRUE,536,320,856,804,52,"Adult"
"TF0142",2024-11-10,"COIMBATORE","TRICHY","MADURAI","Festive",54,TRUE,536,320,856,803,53,"Senior"
"TF0143",2024-11-22,"THANJAVUR","MADURAI","NAGERCOIL","Festive",42,TRUE,536,280,816,666,150,"Student"
"TF0144",2024-11-15,"BENGALURU","CHENNAI KILAMBAKKAM KCBT","MADURAI","Festive",46,TRUE,497,120,617,559,58,"Adult"
"TF0145",2024-10-14,"THANJAVUR","MADURAI","NAGERCOIL","Festive",33,TRUE,346,220,566,473,93,"Student"
"TF0146",2024-12-16,"THANJAVUR","TRICHY","NAGERCOIL","Winter",45,TRUE,497,280,777,665,112,"Senior"
"TF0147",2024-10-09,"COIMBATORE","CHENNAI KILAMBAKKAM KCBT","MADURAI","Festive",65,TRUE,295,120,415,354,61,"Adult"
"TF0148",2024-12-12,"TIRUPPUR","TRICHY","MADURAI","Winter",72,TRUE,295,220,515,462,53,"Adult"
"TF0149",2024-12-22,"BENGALURU","CHENNAI KILAMBAKKAM KCBT","TRICHY","Winter",14,TRUE,346,220,566,484,82,"Adult"
"TF0150",2024-12-09,"SALEM","CHENNAI KILAMBAKKAM KCBT","MADURAI","Winter",68,TRUE,295,220,515,467,48,"Adult"
"TF0151",2025-01-28,"BENGALURU","CHENNAI KILAMBAKKAM KCBT","MADURAI","Winter",25,FALSE,497,120,617,566,51,"Senior"
"TF0152",2024-11-17,"BENGALURU","CHENNAI KILAMBAKKAM KCBT","MADURAI","Festive",12,TRUE,536,120,656,538,118,"Adult"
"TF0153",2024-11-12,"BENGALURU","CHENNAI KILAMBAKKAM KCBT","MADURAI","Festive",46,TRUE,680,220,900,827,73,"Adult"
"TF0154",2024-09-10,"BENGALURU","CHENNAI KILAMBAKKAM KCBT","TRICHY","Normal",78,TRUE,497,145,642,516,126,"Child"
"TF0155",2025-01-23,"THANJAVUR","TRICHY","NAGERCOIL","Winter",32,TRUE,295,145,440,389,51,"Adult"
"TF0156",2024-10-16,"TIRUCHENDUR","MADURAI","TRICHY","Festive",46,TRUE,536,280,816,703,113,"Adult"
"TF0157",2025-02-07,"TIRUCHENDUR","MADURAI","TRICHY","Winter",43,TRUE,680,280,960,874,86,"Adult"
"TF0158",2025-02-21,"SALEM","TRICHY","MADURAI","Winter",18,TRUE,295,220,515,466,49,"Adult"
"TF0159",2024-12-08,"SALEM","CHENNAI KILAMBAKKAM KCBT","MADURAI","Winter",15,TRUE,536,145,681,582,99,"Adult"
"TF0160",2025-01-20,"SALEM","CHENNAI KILAMBAKKAM KCBT","MADURAI","Winter",34,TRUE,346,280,626,586,40,"Adult"
"TF0161",2025-02-24,"BENGALURU","CHENNAI KILAMBAKKAM KCBT","TRICHY","Winter",72,TRUE,295,320,615,526,89,"Adult"
"TF0162",2025-01-08,"TIRUCHENDUR","MADURAI","TRICHY","Winter",49,TRUE,346,320,666,571,95,"Child"
"TF0163",2024-11-28,"TIRUPPUR","TRICHY","MADURAI","Festive",72,TRUE,680,320,1000,901,99,"Student"
"TF0164",2024-12-08,"COIMBATORE","CHENNAI KILAMBAKKAM KCBT","MADURAI","Winter",60,TRUE,680,145,825,700,125,"Child"
"TF0165",2024-11-01,"BENGALURU","CHENNAI KILAMBAKKAM KCBT","MADURAI","Festive",76,TRUE,346,145,491,421,70,"Student"
"TF0166",2024-09-08,"TIRUPPUR","TRICHY","MADURAI","Normal",61,TRUE,680,280,960,775,185,"Adult"
"TF0167",2024-10-07,"SALEM","TRICHY","MADURAI","Festive",70,TRUE,346,280,626,542,84,"Adult"
"TF0168",2025-01-09,"TIRUPPUR","TRICHY","MADURAI","Winter",20,FALSE,680,145,825,692,133,"Senior"
"TF0169",2024-09-19,"COIMBATORE","CHENNAI KILAMBAKKAM KCBT","MADURAI","Normal",20,TRUE,536,280,816,659,157,"Senior"
"TF0170",2025-02-04,"THANJAVUR","MADURAI","NAGERCOIL","Winter",33,TRUE,497,280,777,712,65,"Student"
"TF0171",2024-11-10,"COIMBATORE","TRICHY","MADURAI","Festive",27,TRUE,536,220,756,649,107,"Adult"
"TF0172",2024-12-12,"TIRUCHENDUR","MADURAI","TRICHY","Winter",37,TRUE,536,280,816,675,141,"Adult"
"TF0173",2024-12-03,"TIRUCHENDUR","MADURAI","TRICHY","Winter",33,TRUE,536,280,816,680,136,"Adult"
"TF0174",2024-10-12,"THANJAVUR","TRICHY","NAGERCOIL","Festive",41,TRUE,680,120,800,679,121,"Adult"
"TF0175",2024-10-22,"BENGALURU","CHENNAI KILAMBAKKAM KCBT","TRICHY","Festive",61,TRUE,680,220,900,853,47,"Adult"
"TF0176",2025-02-21,"COIMBATORE","TRICHY","MADURAI","Winter",74,TRUE,346,120,466,409,57,"Adult"
"TF0177",2024-10-03,"COIMBATORE","CHENNAI KILAMBAKKAM KCBT","MADURAI","Festive",38,TRUE,346,220,566,502,64,"Adult"
"TF0178",2024-12-12,"TIRUCHENDUR","MADURAI","TRICHY","Winter",70,TRUE,295,220,515,413,102,"Adult"
"TF0179",2024-10-03,"TIRUPPUR","TRICHY","MADURAI","Festive",57,TRUE,346,120,466,382,84,"Senior"
"TF0180",2024-11-17,"THANJAVUR","MADURAI","NAGERCOIL","Festive",39,FALSE,497,320,817,676,141,"Student"
"TF0181",2024-10-17,"TIRUPPUR","TRICHY","MADURAI","Festive",11,TRUE,295,145,440,378,62,"Adult"
"TF0182",2024-11-09,"TIRUCHENDUR","MADURAI","TRICHY","Festive",50,TRUE,536,320,856,774,82,"Adult"
"TF0183",2024-11-17,"TIRUCHENDUR","MADURAI","TRICHY","Festive",51,TRUE,346,145,491,413,78,"Adult"
"TF0184",2025-01-06,"THANJAVUR","TRICHY","NAGERCOIL","Winter",10,TRUE,680,320,1000,876,124,"Adult"
"TF0185",2024-09-17,"BENGALURU","CHENNAI KILAMBAKKAM KCBT","MADURAI","Normal",28,TRUE,346,280,626,547,79,"Adult"
"TF0186",2024-12-15,"TIRUCHENDUR","MADURAI","TRICHY","Winter",41,TRUE,295,320,615,519,96,"Adult"
"TF0187",2024-10-17,"BENGALURU","CHENNAI KILAMBAKKAM KCBT","MADURAI","Festive",37,FALSE,346,120,466,417,49,"Adult"
"TF0188",2025-01-03,"THANJAVUR","TRICHY","NAGERCOIL","Winter",25,TRUE,497,320,817,715,102,"Senior"
"TF0189",2024-09-30,"BENGALURU","CHENNAI KILAMBAKKAM KCBT","MADURAI","Normal",16,TRUE,295,120,415,346,69,"Adult"
"TF0190",2025-02-26,"THANJAVUR","TRICHY","NAGERCOIL","Winter",40,FALSE,536,220,756,716,40,"Adult"
"TF0191",2024-12-04,"SALEM","TRICHY","MADURAI","Winter",36,TRUE,295,280,575,533,42,"Adult"
"TF0192",2024-12-05,"COIMBATORE","CHENNAI KILAMBAKKAM KCBT","MADURAI","Winter",23,TRUE,680,280,960,867,93,"Adult"
"TF0193",2024-11-21,"BENGALURU","CHENNAI KILAMBAKKAM KCBT","MADURAI","Festive",31,TRUE,295,145,440,354,86,"Senior"
"TF0194",2024-11-24,"BENGALURU","CHENNAI KILAMBAKKAM KCBT","TRICHY","Festive",66,TRUE,680,220,900,850,50,"Student"
"TF0195",2024-12-08,"THANJAVUR","MADURAI","NAGERCOIL","Winter",35,TRUE,536,220,756,710,46,"Adult"
"TF0196",2024-09-14,"THANJAVUR","MADURAI","NAGERCOIL","Normal",64,TRUE,680,145,825,690,135,"Adult"
"TF0197",2024-09-29,"TIRUPPUR","TRICHY","MADURAI","Normal",31,TRUE,295,280,575,487,88,"Senior"
"TF0198",2024-10-03,"SALEM","TRICHY","MADURAI","Festive",56,TRUE,346,120,466,414,52,"Adult"
"TF0199",2024-12-06,"TIRUPPUR","TRICHY","MADURAI","Winter",62,TRUE,680,145,825,771,54,"Adult"
"TF0200",2024-09-30,"THANJAVUR","TRICHY","NAGERCOIL","Normal",17,TRUE,536,320,856,707,149,"Adult"
"TF0201",2024-11-06,"TIRUPPUR","TRICHY","MADURAI","Festive",43,TRUE,295,120,415,376,39,"Adult"
"TF0202",2024-09-16,"COIMBATORE","TRICHY","MADURAI","Normal",28,TRUE,536,120,656,615,41,"Adult"
"TF0203",2024-10-10,"BENGALURU","CHENNAI KILAMBAKKAM KCBT","TRICHY","Festive",70,TRUE,680,220,900,833,67,"Adult"
"TF0204",2024-10-14,"COIMBATORE","TRICHY","MADURAI","Festive",40,TRUE,536,220,756,639,117,"Adult"
"TF0205",2025-02-15,"COIMBATORE","TRICHY","MADURAI","Winter",60,TRUE,346,120,466,427,39,"Student"
"TF0206",2024-10-11,"SALEM","TRICHY","MADURAI","Festive",35,FALSE,497,220,717,616,101,"Adult"
"TF0207",2025-02-01,"BENGALURU","CHENNAI KILAMBAKKAM KCBT","MADURAI","Winter",51,TRUE,497,120,617,549,68,"Adult"
"TF0208",2024-12-29,"BENGALURU","CHENNAI KILAMBAKKAM KCBT","TRICHY","Winter",54,TRUE,536,120,656,549,107,"Adult"
"TF0209",2024-12-23,"TIRUPPUR","TRICHY","MADURAI","Winter",41,TRUE,680,145,825,709,116,"Adult"
"TF0210",2024-11-22,"COIMBATORE","TRICHY","MADURAI","Festive",42,TRUE,536,280,816,726,90,"Adult"
"TF0211",2024-09-09,"THANJAVUR","MADURAI","NAGERCOIL","Normal",50,TRUE,536,145,681,631,50,"Adult"
"TF0212",2025-01-16,"THANJAVUR","MADURAI","NAGERCOIL","Winter",36,TRUE,497,145,642,567,75,"Adult"
"TF0213",2024-09-16,"BENGALURU","CHENNAI KILAMBAKKAM KCBT","MADURAI","Normal",27,TRUE,536,120,656,592,64,"Adult"
"TF0214",2024-09-21,"COIMBATORE","CHENNAI KILAMBAKKAM KCBT","MADURAI","Normal",67,TRUE,497,320,817,699,118,"Adult"
"TF0215",2025-02-25,"THANJAVUR","TRICHY","NAGERCOIL","Winter",62,TRUE,680,120,800,726,74,"Senior"
"TF0216",2024-09-21,"TIRUCHENDUR","MADURAI","TRICHY","Normal",53,FALSE,295,320,615,567,48,"Student"
"TF0217",2025-02-23,"TIRUPPUR","TRICHY","MADURAI","Winter",60,TRUE,295,280,575,545,30,"Student"
"TF0218",2025-01-12,"COIMBATORE","CHENNAI KILAMBAKKAM KCBT","MADURAI","Winter",38,TRUE,680,280,960,834,126,"Adult"
"TF0219",2024-10-18,"BENGALURU","CHENNAI KILAMBAKKAM KCBT","MADURAI","Festive",37,TRUE,536,145,681,584,97,"Adult"
"TF0220",2024-09-09,"THANJAVUR","TRICHY","NAGERCOIL","Normal",36,TRUE,346,280,626,514,112,"Adult"
"TF0221",2025-01-13,"SALEM","CHENNAI KILAMBAKKAM KCBT","MADURAI","Winter",33,TRUE,295,220,515,453,62,"Child"
"TF0222",2024-11-13,"SALEM","CHENNAI KILAMBAKKAM KCBT","MADURAI","Festive",34,TRUE,346,320,666,559,107,"Adult"
"TF0223",2025-02-25,"THANJAVUR","TRICHY","NAGERCOIL","Winter",44,TRUE,346,280,626,555,71,"Student"
"TF0224",2024-10-03,"COIMBATORE","CHENNAI KILAMBAKKAM KCBT","MADURAI","Festive",59,TRUE,295,280,575,508,67,"Adult"
"TF0225",2024-10-03,"SALEM","TRICHY","MADURAI","Festive",16,TRUE,346,280,626,551,75,"Student"
"TF0226",2024-10-24,"SALEM","TRICHY","MADURAI","Festive",55,TRUE,346,145,491,414,77,"Adult"
"TF0227",2025-01-21,"COIMBATORE","CHENNAI KILAMBAKKAM KCBT","MADURAI","Winter",64,TRUE,680,280,960,877,83,"Adult"
"TF0228",2025-01-22,"TIRUPPUR","TRICHY","MADURAI","Winter",31,TRUE,497,280,777,688,89,"Senior"
"TF0229",2024-12-27,"TIRUCHENDUR","MADURAI","TRICHY","Winter",53,TRUE,346,145,491,413,78,"Adult"
"TF0230",2025-01-21,"TIRUCHENDUR","MADURAI","TRICHY","Winter",10,TRUE,536,220,756,655,101,"Adult"
"TF0231",2025-02-23,"COIMBATORE","TRICHY","MADURAI","Winter",67,TRUE,346,120,466,408,58,"Adult"
"TF0232",2025-02-25,"SALEM","TRICHY","MADURAI","Winter",36,TRUE,295,145,440,362,78,"Adult"
"TF0233",2025-02-06,"COIMBATORE","CHENNAI KILAMBAKKAM KCBT","MADURAI","Winter",29,TRUE,680,120,800,734,66,"Adult"
"TF0234",2024-10-03,"BENGALURU","CHENNAI KILAMBAKKAM KCBT","TRICHY","Festive",72,TRUE,295,120,415,342,73,"Student"
"TF0235",2024-12-09,"THANJAVUR","TRICHY","NAGERCOIL","Winter",76,FALSE,346,145,491,426,65,"Senior"
"TF0236",2024-10-08,"TIRUCHENDUR","MADURAI","TRICHY","Festive",65,TRUE,295,280,575,473,102,"Adult"
"TF0237",2025-02-20,"TIRUPPUR","TRICHY","MADURAI","Winter",52,TRUE,295,280,575,542,33,"Student"
"TF0238",2024-10-29,"COIMBATORE","CHENNAI KILAMBAKKAM KCBT","MADURAI","Festive",28,TRUE,346,320,666,602,64,"Adult"
"TF0239",2024-11-29,"BENGALURU","CHENNAI KILAMBAKKAM KCBT","MADURAI","Festive",28,TRUE,497,220,717,649,68,"Adult"
"TF0240",2024-10-13,"BENGALURU","CHENNAI KILAMBAKKAM KCBT","TRICHY","Festive",31,TRUE,497,280,777,640,137,"Adult"
"TF0241",2024-12-12,"BENGALURU","CHENNAI KILAMBAKKAM KCBT","TRICHY","Winter",62,TRUE,680,280,960,871,89,"Adult"
"TF0242",2024-10-24,"COIMBATORE","CHENNAI KILAMBAKKAM KCBT","MADURAI","Festive",27,TRUE,536,120,656,601,55,"Adult"
"TF0243",2024-11-25,"BENGALURU","CHENNAI KILAMBAKKAM KCBT","MADURAI","Festive",52,TRUE,497,220,717,603,114,"Adult"
"TF0244",2024-09-25,"TIRUCHENDUR","MADURAI","TRICHY","Normal",82,TRUE,497,280,777,728,49,"Adult"
"TF0245",2024-09-27,"BENGALURU","CHENNAI KILAMBAKKAM KCBT","TRICHY","Normal",55,TRUE,680,145,825,694,131,"Adult"
"TF0246",2025-02-20,"TIRUPPUR","TRICHY","MADURAI","Winter",43,TRUE,497,145,642,585,57,"Adult"
"TF0247",2024-09-18,"THANJAVUR","TRICHY","NAGERCOIL","Normal",40,TRUE,346,145,491,407,84,"Adult"
"TF0248",2024-10-11,"COIMBATORE","CHENNAI KILAMBAKKAM KCBT","MADURAI","Festive",55,TRUE,536,320,856,792,64,"Senior"
"TF0249",2024-10-05,"THANJAVUR","MADURAI","NAGERCOIL","Festive",28,TRUE,295,145,440,366,74,"Student"
"TF0250",2024-10-25,"BENGALURU","CHENNAI KILAMBAKKAM KCBT","TRICHY","Festive",29,TRUE,497,145,642,604,38,"Adult"
"TF0251",2025-01-26,"SALEM","CHENNAI KILAMBAKKAM KCBT","MADURAI","Winter",22,TRUE,295,220,515,442,73,"Adult"
"TF0252",2024-09-11,"BENGALURU","CHENNAI KILAMBAKKAM KCBT","MADURAI","Normal",66,TRUE,346,320,666,559,107,"Adult"
"TF0253",2025-02-18,"SALEM","TRICHY","MADURAI","Winter",24,TRUE,346,320,666,606,60,"Student"
"TF0254",2025-02-12,"TIRUCHENDUR","MADURAI","TRICHY","Winter",38,TRUE,295,120,415,352,63,"Student"
"TF0255",2024-11-17,"THANJAVUR","MADURAI","NAGERCOIL","Festive",51,TRUE,346,145,491,454,37,"Adult"
"TF0256",2024-12-13,"SALEM","TRICHY","MADURAI","Winter",58,FALSE,346,145,491,416,75,"Adult"
"TF0257",2025-01-14,"BENGALURU","CHENNAI KILAMBAKKAM KCBT","MADURAI","Winter",52,TRUE,346,320,666,628,38,"Adult"
"TF0258",2024-12-03,"COIMBATORE","TRICHY","MADURAI","Winter",47,TRUE,680,145,825,723,102,"Adult"
"TF0259",2024-09-02,"TIRUPPUR","TRICHY","MADURAI","Normal",13,TRUE,346,220,566,536,30,"Student"
"TF0260",2024-11-09,"SALEM","TRICHY","MADURAI","Festive",40,TRUE,680,320,1000,924,76,"Adult"
"TF0261",2025-01-16,"TIRUPPUR","TRICHY","MADURAI","Winter",40,TRUE,680,120,800,696,104,"Adult"
"TF0262",2024-10-10,"THANJAVUR","TRICHY","NAGERCOIL","Festive",61,TRUE,346,120,466,409,57,"Adult"
"TF0263",2024-09-30,"COIMBATORE","CHENNAI KILAMBAKKAM KCBT","MADURAI","Normal",33,FALSE,680,145,825,671,154,"Adult"
"TF0264",2025-02-01,"SALEM","CHENNAI KILAMBAKKAM KCBT","MADURAI","Winter",45,FALSE,536,280,816,732,84,"Adult"
"TF0265",2024-09-05,"SALEM","CHENNAI KILAMBAKKAM KCBT","MADURAI","Normal",60,TRUE,346,220,566,534,32,"Adult"
"TF0266",2025-01-03,"TIRUCHENDUR","MADURAI","TRICHY","Winter",37,TRUE,346,280,626,545,81,"Adult"
"TF0267",2025-02-12,"TIRUCHENDUR","MADURAI","TRICHY","Winter",24,FALSE,680,320,1000,837,163,"Senior"
"TF0268",2024-11-27,"BENGALURU","CHENNAI KILAMBAKKAM KCBT","TRICHY","Festive",10,TRUE,680,145,825,670,155,"Adult"
"TF0269",2024-10-31,"TIRUPPUR","TRICHY","MADURAI","Festive",28,TRUE,536,145,681,548,133,"Senior"
"TF0270",2024-09-26,"THANJAVUR","MADURAI","NAGERCOIL","Normal",48,TRUE,497,145,642,535,107,"Student"
"TF0271",2024-11-19,"BENGALURU","CHENNAI KILAMBAKKAM KCBT","TRICHY","Festive",51,TRUE,680,320,1000,863,137,"Adult"
"TF0272",2024-09-14,"SALEM","TRICHY","MADURAI","Normal",43,TRUE,536,320,856,691,165,"Adult"
"TF0273",2025-02-27,"THANJAVUR","MADURAI","NAGERCOIL","Winter",61,TRUE,536,145,681,578,103,"Adult"
"TF0274",2025-01-05,"THANJAVUR","TRICHY","NAGERCOIL","Winter",57,TRUE,536,220,756,702,54,"Adult"
"TF0275",2024-11-07,"SALEM","CHENNAI KILAMBAKKAM KCBT","MADURAI","Festive",11,TRUE,536,220,756,619,137,"Adult"
"TF0276",2024-09-26,"THANJAVUR","MADURAI","NAGERCOIL","Normal",37,FALSE,346,320,666,545,121,"Adult"
"TF0277",2024-12-09,"THANJAVUR","MADURAI","NAGERCOIL","Winter",15,TRUE,536,145,681,565,116,"Adult"
"TF0278",2024-10-28,"COIMBATORE","CHENNAI KILAMBAKKAM KCBT","MADURAI","Festive",62,TRUE,536,320,856,711,145,"Senior"
"TF0279",2025-01-13,"COIMBATORE","TRICHY","MADURAI","Winter",10,FALSE,497,280,777,654,123,"Adult"
"TF0280",2024-11-18,"TIRUPPUR","TRICHY","MADURAI","Festive",36,TRUE,497,320,817,758,59,"Student"
"TF0281",2024-10-24,"COIMBATORE","CHENNAI KILAMBAKKAM KCBT","MADURAI","Festive",54,TRUE,497,145,642,600,42,"Adult"
"TF0282",2025-01-13,"BENGALURU","CHENNAI KILAMBAKKAM KCBT","TRICHY","Winter",26,TRUE,346,320,666,569,97,"Adult"
"TF0283",2024-12-24,"COIMBATORE","TRICHY","MADURAI","Winter",45,TRUE,295,220,515,451,64,"Adult"
"TF0284",2025-01-06,"BENGALURU","CHENNAI KILAMBAKKAM KCBT","MADURAI","Winter",10,TRUE,295,120,415,361,54,"Adult"
"TF0285",2024-12-27,"TIRUPPUR","TRICHY","MADURAI","Winter",51,FALSE,295,320,615,562,53,"Adult"
"TF0286",2024-11-10,"THANJAVUR","TRICHY","NAGERCOIL","Festive",51,TRUE,497,220,717,609,108,"Adult"
"TF0287",2025-01-31,"COIMBATORE","CHENNAI KILAMBAKKAM KCBT","MADURAI","Winter",22,TRUE,497,145,642,528,114,"Adult"
"TF0288",2024-10-13,"COIMBATORE","TRICHY","MADURAI","Festive",65,TRUE,497,220,717,586,131,"Child"
"TF0289",2024-10-16,"SALEM","TRICHY","MADURAI","Festive",38,TRUE,497,120,617,522,95,"Adult"
"TF0290",2025-01-30,"TIRUPPUR","TRICHY","MADURAI","Winter",59,TRUE,680,145,825,698,127,"Student"
"TF0291",2024-09-21,"SALEM","TRICHY","MADURAI","Normal",50,TRUE,497,320,817,750,67,"Student"
"TF0292",2024-11-01,"TIRUCHENDUR","MADURAI","TRICHY","Festive",63,TRUE,680,280,960,869,91,"Adult"
"TF0293",2025-01-06,"SALEM","TRICHY","MADURAI","Winter",45,TRUE,680,320,1000,805,195,"Adult"
"TF0294",2024-12-14,"BENGALURU","CHENNAI KILAMBAKKAM KCBT","MADURAI","Winter",50,TRUE,346,220,566,514,52,"Adult"
"TF0295",2025-02-26,"BENGALURU","CHENNAI KILAMBAKKAM KCBT","MADURAI","Winter",41,TRUE,497,220,717,627,90,"Adult"
"TF0296",2024-10-31,"TIRUPPUR","TRICHY","MADURAI","Festive",22,TRUE,346,220,566,493,73,"Adult"
"TF0297",2024-09-20,"TIRUCHENDUR","MADURAI","TRICHY","Normal",40,TRUE,346,220,566,499,67,"Senior"
"TF0298",2024-09-29,"SALEM","TRICHY","MADURAI","Normal",17,TRUE,346,280,626,579,47,"Student"
"TF0299",2025-01-04,"BENGALURU","CHENNAI KILAMBAKKAM KCBT","TRICHY","Winter",53,TRUE,536,220,756,638,118,"Adult"
"TF0300",2025-01-21,"THANJAVUR","MADURAI","NAGERCOIL","Winter",57,TRUE,680,120,800,668,132,"Adult"
"TF0301",2024-09-21,"COIMBATORE","TRICHY","MADURAI","Normal",77,TRUE,497,280,777,647,130,"Senior"
"TF0302",2025-02-02,"COIMBATORE","TRICHY","MADURAI","Winter",32,TRUE,680,320,1000,838,162,"Adult"
"TF0303",2024-09-10,"COIMBATORE","TRICHY","MADURAI","Normal",41,TRUE,680,280,960,831,129,"Adult"
"TF0304",2024-10-11,"TIRUPPUR","TRICHY","MADURAI","Festive",18,TRUE,497,220,717,632,85,"Adult"
"TF0305",2025-02-06,"SALEM","CHENNAI KILAMBAKKAM KCBT","MADURAI","Winter",48,TRUE,497,280,777,714,63,"Student"
"TF0306",2024-11-26,"BENGALURU","CHENNAI KILAMBAKKAM KCBT","MADURAI","Festive",40,TRUE,536,145,681,596,85,"Adult"
"TF0307",2024-11-03,"THANJAVUR","MADURAI","NAGERCOIL","Festive",47,TRUE,680,120,800,743,57,"Student"
"TF0308",2024-09-07,"THANJAVUR","TRICHY","NAGERCOIL","Normal",97,FALSE,295,120,415,341,74,"Student"
"TF0309",2025-01-02,"BENGALURU","CHENNAI KILAMBAKKAM KCBT","MADURAI","Winter",63,TRUE,680,145,825,748,77,"Adult"
"TF0310",2024-11-10,"COIMBATORE","TRICHY","MADURAI","Festive",28,TRUE,680,120,800,732,68,"Adult"
"TF0311",2025-01-01,"TIRUPPUR","TRICHY","MADURAI","Winter",39,TRUE,536,145,681,646,35,"Adult"
"TF0312",2025-01-01,"COIMBATORE","CHENNAI KILAMBAKKAM KCBT","MADURAI","Winter",51,TRUE,346,280,626,507,119,"Child"
"TF0313",2025-01-19,"TIRUPPUR","TRICHY","MADURAI","Winter",45,TRUE,680,280,960,910,50,"Adult"
"TF0314",2025-01-18,"SALEM","TRICHY","MADURAI","Winter",63,TRUE,536,120,656,557,99,"Adult"
"TF0315",2024-09-26,"TIRUPPUR","TRICHY","MADURAI","Normal",30,TRUE,295,145,440,413,27,"Adult"
"TF0316",2024-11-19,"COIMBATORE","CHENNAI KILAMBAKKAM KCBT","MADURAI","Festive",24,TRUE,295,280,575,469,106,"Adult"
"TF0317",2024-12-05,"SALEM","TRICHY","MADURAI","Winter",48,FALSE,680,220,900,840,60,"Adult"
"TF0318",2024-10-22,"COIMBATORE","TRICHY","MADURAI","Festive",52,TRUE,346,320,666,546,120,"Adult"
"TF0319",2025-01-24,"THANJAVUR","MADURAI","NAGERCOIL","Winter",20,TRUE,295,120,415,383,32,"Adult"
"TF0320",2024-11-09,"BENGALURU","CHENNAI KILAMBAKKAM KCBT","TRICHY","Festive",92,FALSE,346,145,491,394,97,"Adult"
"TF0321",2024-12-05,"COIMBATORE","CHENNAI KILAMBAKKAM KCBT","MADURAI","Winter",33,TRUE,295,320,615,516,99,"Senior"
"TF0322",2025-01-07,"TIRUCHENDUR","MADURAI","TRICHY","Winter",69,TRUE,536,120,656,588,68,"Adult"
"TF0323",2024-09-29,"BENGALURU","CHENNAI KILAMBAKKAM KCBT","MADURAI","Normal",51,TRUE,295,220,515,458,57,"Adult"
"TF0324",2024-11-16,"TIRUPPUR","TRICHY","MADURAI","Festive",41,TRUE,295,220,515,476,39,"Adult"
"TF0325",2025-02-03,"SALEM","TRICHY","MADURAI","Winter",65,TRUE,295,120,415,353,62,"Student"
"TF0326",2025-01-08,"BENGALURU","CHENNAI KILAMBAKKAM KCBT","MADURAI","Winter",104,FALSE,536,280,816,731,85,"Student"
"TF0327",2024-10-14,"SALEM","TRICHY","MADURAI","Festive",48,TRUE,497,120,617,502,115,"Adult"
"TF0328",2024-09-23,"TIRUCHENDUR","MADURAI","TRICHY","Normal",57,TRUE,536,320,856,738,118,"Student"
"TF0329",2024-12-10,"TIRUCHENDUR","MADURAI","TRICHY","Winter",25,TRUE,536,220,756,688,68,"Adult"
"TF0330",2024-11-30,"TIRUCHENDUR","MADURAI","TRICHY","Festive",55,TRUE,497,220,717,662,55,"Senior"
"TF0331",2025-02-13,"COIMBATORE","CHENNAI KILAMBAKKAM KCBT","MADURAI","Winter",37,TRUE,497,145,642,581,61,"Adult"
"TF0332",2024-10-16,"SALEM","TRICHY","MADURAI","Festive",81,TRUE,536,220,756,695,61,"Adult"
"TF0333",2024-11-10,"SALEM","TRICHY","MADURAI","Festive",10,TRUE,497,145,642,516,126,"Adult"
"TF0334",2025-01-29,"TIRUPPUR","TRICHY","MADURAI","Winter",10,TRUE,680,145,825,686,139,"Adult"
"TF0335",2024-09-11,"COIMBATORE","CHENNAI KILAMBAKKAM KCBT","MADURAI","Normal",57,TRUE,497,145,642,599,43,"Student"
"TF0336",2025-02-08,"THANJAVUR","TRICHY","NAGERCOIL","Winter",37,TRUE,295,280,575,544,31,"Adult"
"TF0337",2025-02-02,"BENGALURU","CHENNAI KILAMBAKKAM KCBT","TRICHY","Winter",50,TRUE,680,280,960,903,57,"Student"
"TF0338",2025-02-07,"BENGALURU","CHENNAI KILAMBAKKAM KCBT","TRICHY","Winter",70,TRUE,497,145,642,590,52,"Child"
"TF0339",2025-01-20,"TIRUPPUR","TRICHY","MADURAI","Winter",55,FALSE,536,280,816,749,67,"Adult"
"TF0340",2024-12-17,"SALEM","TRICHY","MADURAI","Winter",32,TRUE,536,220,756,678,78,"Adult"
"TF0341",2024-10-23,"COIMBATORE","TRICHY","MADURAI","Festive",15,TRUE,295,120,415,374,41,"Adult"
"TF0342",2025-01-19,"THANJAVUR","TRICHY","NAGERCOIL","Winter",71,FALSE,346,280,626,544,82,"Adult"
"TF0343",2025-01-07,"BENGALURU","CHENNAI KILAMBAKKAM KCBT","MADURAI","Winter",10,TRUE,497,320,817,679,138,"Adult"
"TF0344",2024-11-06,"TIRUPPUR","TRICHY","MADURAI","Festive",55,TRUE,346,220,566,496,70,"Adult"
"TF0345",2024-12-04,"BENGALURU","CHENNAI KILAMBAKKAM KCBT","MADURAI","Winter",53,TRUE,295,120,415,336,79,"Adult"
"TF0346",2024-12-05,"COIMBATORE","TRICHY","MADURAI","Winter",17,TRUE,346,220,566,530,36,"Senior"
"TF0347",2024-10-06,"COIMBATORE","CHENNAI KILAMBAKKAM KCBT","MADURAI","Festive",26,TRUE,346,320,666,604,62,"Adult"
"TF0348",2025-02-27,"BENGALURU","CHENNAI KILAMBAKKAM KCBT","TRICHY","Winter",27,TRUE,295,220,515,466,49,"Adult"
"TF0349",2025-01-08,"COIMBATORE","CHENNAI KILAMBAKKAM KCBT","MADURAI","Winter",31,TRUE,497,145,642,580,62,"Adult"
"TF0350",2024-12-20,"THANJAVUR","MADURAI","NAGERCOIL","Winter",60,TRUE,680,145,825,701,124,"Adult"
"TF0351",2024-12-29,"BENGALURU","CHENNAI KILAMBAKKAM KCBT","MADURAI","Winter",58,TRUE,295,280,575,525,50,"Adult"
"TF0352",2024-12-15,"COIMBATORE","CHENNAI KILAMBAKKAM KCBT","MADURAI","Winter",48,FALSE,295,280,575,544,31,"Adult"
"TF0353",2024-10-08,"BENGALURU","CHENNAI KILAMBAKKAM KCBT","TRICHY","Festive",37,TRUE,536,220,756,690,66,"Adult"
"TF0354",2024-10-01,"SALEM","TRICHY","MADURAI","Festive",70,TRUE,295,220,515,439,76,"Senior"
"TF0355",2025-01-27,"SALEM","TRICHY","MADURAI","Winter",76,TRUE,536,220,756,639,117,"Senior"
"TF0356",2024-09-06,"SALEM","TRICHY","MADURAI","Normal",42,TRUE,497,220,717,646,71,"Adult"
"TF0357",2024-12-16,"THANJAVUR","MADURAI","NAGERCOIL","Winter",60,TRUE,346,320,666,588,78,"Child"
"TF0358",2024-12-18,"COIMBATORE","CHENNAI KILAMBAKKAM KCBT","MADURAI","Winter",68,TRUE,295,120,415,348,67,"Adult"
"TF0359",2024-12-19,"THANJAVUR","MADURAI","NAGERCOIL","Winter",21,TRUE,295,220,515,465,50,"Senior"
"TF0360",2024-11-07,"COIMBATORE","TRICHY","MADURAI","Festive",67,TRUE,680,320,1000,911,89,"Student"
"TF0361",2025-02-09,"TIRUCHENDUR","MADURAI","TRICHY","Winter",61,TRUE,680,320,1000,859,141,"Adult"
"TF0362",2025-01-10,"THANJAVUR","TRICHY","NAGERCOIL","Winter",54,TRUE,346,120,466,417,49,"Senior"
"TF0363",2025-02-22,"BENGALURU","CHENNAI KILAMBAKKAM KCBT","MADURAI","Winter",44,TRUE,497,220,717,622,95,"Senior"
"TF0364",2024-12-22,"TIRUCHENDUR","MADURAI","TRICHY","Winter",61,TRUE,536,145,681,595,86,"Adult"
"TF0365",2024-09-30,"SALEM","TRICHY","MADURAI","Normal",47,TRUE,536,220,756,684,72,"Senior"
"TF0366",2024-11-09,"THANJAVUR","TRICHY","NAGERCOIL","Festive",18,TRUE,536,220,756,668,88,"Senior"
"TF0367",2025-01-07,"COIMBATORE","TRICHY","MADURAI","Winter",67,TRUE,497,320,817,776,41,"Adult"
"TF0368",2024-11-24,"COIMBATORE","TRICHY","MADURAI","Festive",40,TRUE,295,220,515,429,86,"Child"
"TF0369",2025-01-11,"THANJAVUR","MADURAI","NAGERCOIL","Winter",20,TRUE,295,220,515,429,86,"Adult"
"TF0370",2024-12-06,"COIMBATORE","TRICHY","MADURAI","Winter",82,TRUE,295,220,515,451,64,"Adult"
"TF0371",2024-09-13,"TIRUCHENDUR","MADURAI","TRICHY","Normal",31,TRUE,536,280,816,770,46,"Child"
"TF0372",2025-01-07,"THANJAVUR","MADURAI","NAGERCOIL","Winter",20,TRUE,536,145,681,554,127,"Adult"
"TF0373",2024-11-26,"COIMBATORE","TRICHY","MADURAI","Festive",48,TRUE,536,320,856,771,85,"Adult"
"TF0374",2025-02-26,"TIRUCHENDUR","MADURAI","TRICHY","Winter",24,TRUE,295,120,415,350,65,"Adult"
"TF0375",2024-10-22,"SALEM","TRICHY","MADURAI","Festive",15,TRUE,346,120,466,380,86,"Adult"
"TF0376",2024-10-05,"BENGALURU","CHENNAI KILAMBAKKAM KCBT","MADURAI","Festive",68,TRUE,680,145,825,671,154,"Adult"
"TF0377",2024-10-08,"SALEM","CHENNAI KILAMBAKKAM KCBT","MADURAI","Festive",11,TRUE,680,280,960,882,78,"Adult"
"TF0378",2025-01-24,"COIMBATORE","CHENNAI KILAMBAKKAM KCBT","MADURAI","Winter",42,TRUE,346,220,566,487,79,"Adult"
"TF0379",2024-12-06,"SALEM","TRICHY","MADURAI","Winter",63,TRUE,680,145,825,743,82,"Adult"
"TF0380",2024-11-10,"BENGALURU","CHENNAI KILAMBAKKAM KCBT","MADURAI","Festive",10,FALSE,295,220,515,431,84,"Student"
"TF0381",2024-10-27,"SALEM","TRICHY","MADURAI","Festive",58,TRUE,536,145,681,557,124,"Child"
"TF0382",2025-02-25,"BENGALURU","CHENNAI KILAMBAKKAM KCBT","TRICHY","Winter",39,TRUE,295,220,515,461,54,"Adult"
"TF0383",2024-12-08,"SALEM","CHENNAI KILAMBAKKAM KCBT","MADURAI","Winter",41,TRUE,346,145,491,417,74,"Senior"
"TF0384",2024-09-29,"THANJAVUR","MADURAI","NAGERCOIL","Normal",22,TRUE,346,320,666,573,93,"Adult"
"TF0385",2024-10-22,"COIMBATORE","TRICHY","MADURAI","Festive",32,TRUE,536,280,816,727,89,"Adult"
"TF0386",2024-12-03,"TIRUPPUR","TRICHY","MADURAI","Winter",29,TRUE,346,220,566,497,69,"Adult"
"TF0387",2024-10-19,"BENGALURU","CHENNAI KILAMBAKKAM KCBT","TRICHY","Festive",41,TRUE,680,220,900,755,145,"Child"
"TF0388",2024-10-10,"SALEM","TRICHY","MADURAI","Festive",27,TRUE,346,120,466,409,57,"Child"
"TF0389",2024-12-04,"BENGALURU","CHENNAI KILAMBAKKAM KCBT","TRICHY","Winter",48,TRUE,497,145,642,515,127,"Child"
"TF0390",2025-01-05,"TIRUPPUR","TRICHY","MADURAI","Winter",19,TRUE,295,220,515,483,32,"Student"
"TF0391",2024-12-16,"SALEM","TRICHY","MADURAI","Winter",10,TRUE,346,320,666,616,50,"Adult"
"TF0392",2024-12-20,"TIRUCHENDUR","MADURAI","TRICHY","Winter",53,TRUE,295,280,575,536,39,"Senior"
"TF0393",2024-11-20,"TIRUCHENDUR","MADURAI","TRICHY","Festive",46,TRUE,680,220,900,844,56,"Child"
"TF0394",2025-01-07,"TIRUPPUR","TRICHY","MADURAI","Winter",27,TRUE,346,120,466,420,46,"Adult"
"TF0395",2025-01-16,"THANJAVUR","MADURAI","NAGERCOIL","Winter",68,TRUE,295,220,515,479,36,"Adult"
"TF0396",2024-10-19,"SALEM","CHENNAI KILAMBAKKAM KCBT","MADURAI","Festive",61,TRUE,497,120,617,578,39,"Senior"
"TF0397",2024-12-21,"COIMBATORE","CHENNAI KILAMBAKKAM KCBT","MADURAI","Winter",56,TRUE,295,280,575,476,99,"Student"
"TF0398",2025-02-26,"TIRUPPUR","TRICHY","MADURAI","Winter",66,TRUE,680,145,825,696,129,"Adult"
"TF0399",2025-01-05,"TIRUCHENDUR","MADURAI","TRICHY","Winter",74,TRUE,536,280,816,673,143,"Adult"
"TF0400",2024-12-05,"BENGALURU","CHENNAI KILAMBAKKAM KCBT","MADURAI","Winter",33,TRUE,295,145,440,364,76,"Adult"
"TF0401",2025-02-04,"TIRUPPUR","TRICHY","MADURAI","Winter",48,FALSE,536,320,856,771,85,"Adult"
"TF0402",2024-11-02,"SALEM","CHENNAI KILAMBAKKAM KCBT","MADURAI","Festive",46,TRUE,346,145,491,458,33,"Adult"
"TF0403",2024-09-28,"COIMBATORE","TRICHY","MADURAI","Normal",37,TRUE,497,280,777,693,84,"Adult"
"TF0404",2025-01-15,"THANJAVUR","TRICHY","NAGERCOIL","Winter",42,TRUE,680,320,1000,822,178,"Adult"
"TF0405",2024-10-22,"THANJAVUR","MADURAI","NAGERCOIL","Festive",27,TRUE,346,120,466,441,25,"Child"
"TF0406",2025-01-04,"THANJAVUR","MADURAI","NAGERCOIL","Winter",39,TRUE,680,280,960,845,115,"Adult"
"TF0407",2025-01-02,"COIMBATORE","CHENNAI KILAMBAKKAM KCBT","MADURAI","Winter",33,TRUE,346,320,666,630,36,"Adult"
"TF0408",2024-09-01,"THANJAVUR","MADURAI","NAGERCOIL","Normal",61,TRUE,346,120,466,390,76,"Adult"
"TF0409",2024-12-12,"THANJAVUR","TRICHY","NAGERCOIL","Winter",10,TRUE,680,145,825,782,43,"Adult"
"TF0410",2025-02-01,"COIMBATORE","TRICHY","MADURAI","Winter",58,TRUE,295,320,615,507,108,"Adult"
"TF0411",2024-11-07,"THANJAVUR","MADURAI","NAGERCOIL","Festive",20,TRUE,346,145,491,448,43,"Student"
"TF0412",2024-10-08,"SALEM","CHENNAI KILAMBAKKAM KCBT","MADURAI","Festive",36,FALSE,346,280,626,591,35,"Adult"
"TF0413",2025-01-05,"COIMBATORE","TRICHY","MADURAI","Winter",37,TRUE,680,220,900,741,159,"Adult"
"TF0414",2025-01-29,"SALEM","CHENNAI KILAMBAKKAM KCBT","MADURAI","Winter",93,FALSE,680,280,960,778,182,"Senior"
"TF0415",2025-01-10,"BENGALURU","CHENNAI KILAMBAKKAM KCBT","MADURAI","Winter",29,FALSE,536,220,756,620,136,"Child"
"TF0416",2024-11-11,"THANJAVUR","MADURAI","NAGERCOIL","Festive",30,FALSE,295,280,575,532,43,"Adult"
"TF0417",2024-09-22,"TIRUCHENDUR","MADURAI","TRICHY","Normal",57,TRUE,295,320,615,509,106,"Adult"
"TF0418",2024-09-18,"TIRUPPUR","TRICHY","MADURAI","Normal",46,FALSE,497,280,777,627,150,"Adult"
"TF0419",2024-10-17,"COIMBATORE","TRICHY","MADURAI","Festive",10,TRUE,680,145,825,775,50,"Child"
"TF0420",2024-12-02,"SALEM","TRICHY","MADURAI","Winter",26,TRUE,680,280,960,863,97,"Senior"
"TF0421",2024-12-15,"THANJAVUR","MADURAI","NAGERCOIL","Winter",10,TRUE,346,280,626,548,78,"Adult"
"TF0422",2024-09-16,"TIRUCHENDUR","MADURAI","TRICHY","Normal",52,TRUE,497,145,642,606,36,"Student"
"TF0423",2025-02-20,"SALEM","TRICHY","MADURAI","Winter",68,TRUE,497,120,617,552,65,"Adult"
"TF0424",2025-01-19,"BENGALURU","CHENNAI KILAMBAKKAM KCBT","MADURAI","Winter",37,TRUE,536,320,856,686,170,"Child"
"TF0425",2024-12-07,"TIRUPPUR","TRICHY","MADURAI","Winter",26,TRUE,346,220,566,464,102,"Adult"
"TF0426",2025-02-24,"SALEM","TRICHY","MADURAI","Winter",16,TRUE,497,145,642,600,42,"Adult"
"TF0427",2025-02-03,"THANJAVUR","TRICHY","NAGERCOIL","Winter",69,TRUE,536,280,816,751,65,"Adult"
"TF0428",2024-09-20,"TIRUPPUR","TRICHY","MADURAI","Normal",31,TRUE,346,280,626,573,53,"Child"
"TF0429",2024-12-31,"TIRUPPUR","TRICHY","MADURAI","Winter",38,TRUE,680,220,900,748,152,"Adult"
"TF0430",2024-11-13,"THANJAVUR","TRICHY","NAGERCOIL","Festive",15,TRUE,680,220,900,828,72,"Adult"
"TF0431",2025-02-03,"BENGALURU","CHENNAI KILAMBAKKAM KCBT","MADURAI","Winter",42,TRUE,346,220,566,463,103,"Student"
"TF0432",2024-12-15,"THANJAVUR","MADURAI","NAGERCOIL","Winter",10,TRUE,346,120,466,413,53,"Adult"
"TF0433",2024-12-25,"COIMBATORE","CHENNAI KILAMBAKKAM KCBT","MADURAI","Winter",55,TRUE,680,120,800,749,51,"Student"
"TF0434",2024-10-05,"TIRUPPUR","TRICHY","MADURAI","Festive",14,TRUE,536,280,816,757,59,"Senior"
"TF0435",2024-12-22,"BENGALURU","CHENNAI KILAMBAKKAM KCBT","TRICHY","Winter",36,TRUE,680,120,800,647,153,"Child"
"TF0436",2025-01-17,"COIMBATORE","TRICHY","MADURAI","Winter",66,TRUE,497,120,617,541,76,"Adult"
"TF0437",2024-10-11,"COIMBATORE","TRICHY","MADURAI","Festive",67,TRUE,680,120,800,654,146,"Adult"
"TF0438",2024-11-27,"SALEM","TRICHY","MADURAI","Festive",56,TRUE,295,320,615,555,60,"Adult"
"TF0439",2024-10-25,"BENGALURU","CHENNAI KILAMBAKKAM KCBT","TRICHY","Festive",52,FALSE,680,280,960,862,98,"Adult"
"TF0440",2024-10-18,"SALEM","TRICHY","MADURAI","Festive",73,TRUE,346,280,626,581,45,"Senior"
"TF0441",2025-01-07,"TIRUPPUR","TRICHY","MADURAI","Winter",68,FALSE,680,120,800,688,112,"Adult"
"TF0442",2024-10-24,"SALEM","CHENNAI KILAMBAKKAM KCBT","MADURAI","Festive",27,TRUE,536,320,856,702,154,"Adult"
"TF0443",2024-10-06,"TIRUCHENDUR","MADURAI","TRICHY","Festive",43,FALSE,680,220,900,799,101,"Adult"
"TF0444",2024-10-27,"BENGALURU","CHENNAI KILAMBAKKAM KCBT","MADURAI","Festive",47,TRUE,295,220,515,452,63,"Adult"
"TF0445",2024-10-12,"THANJAVUR","TRICHY","NAGERCOIL","Festive",32,TRUE,497,220,717,578,139,"Adult"
"TF0446",2024-09-15,"COIMBATORE","TRICHY","MADURAI","Normal",70,TRUE,680,120,800,678,122,"Adult"
"TF0447",2024-11-08,"BENGALURU","CHENNAI KILAMBAKKAM KCBT","TRICHY","Festive",28,TRUE,497,120,617,529,88,"Child"
"TF0448",2024-12-14,"COIMBATORE","CHENNAI KILAMBAKKAM KCBT","MADURAI","Winter",25,TRUE,536,320,856,751,105,"Student"
"TF0449",2024-11-02,"SALEM","TRICHY","MADURAI","Festive",81,TRUE,536,145,681,571,110,"Adult"
"TF0450",2024-11-29,"THANJAVUR","MADURAI","NAGERCOIL","Festive",64,TRUE,536,280,816,743,73,"Adult"
"TF0451",2024-10-29,"TIRUCHENDUR","MADURAI","TRICHY","Festive",23,TRUE,497,320,817,697,120,"Student"
"TF0452",2025-01-11,"BENGALURU","CHENNAI KILAMBAKKAM KCBT","TRICHY","Winter",10,TRUE,497,120,617,575,42,"Student"
"TF0453",2024-09-26,"TIRUCHENDUR","MADURAI","TRICHY","Normal",34,TRUE,680,320,1000,859,141,"Adult"
"TF0454",2024-09-04,"COIMBATORE","TRICHY","MADURAI","Normal",27,TRUE,346,320,666,625,41,"Child"
"TF0455",2024-09-17,"COIMBATORE","CHENNAI KILAMBAKKAM KCBT","MADURAI","Normal",48,TRUE,536,320,856,806,50,"Adult"
"TF0456",2025-01-24,"THANJAVUR","TRICHY","NAGERCOIL","Winter",72,TRUE,497,320,817,741,76,"Adult"
"TF0457",2025-01-24,"TIRUPPUR","TRICHY","MADURAI","Winter",50,FALSE,680,145,825,756,69,"Student"
"TF0458",2024-10-28,"BENGALURU","CHENNAI KILAMBAKKAM KCBT","TRICHY","Festive",39,TRUE,346,120,466,381,85,"Adult"
"TF0459",2024-12-27,"BENGALURU","CHENNAI KILAMBAKKAM KCBT","MADURAI","Winter",44,TRUE,497,220,717,607,110,"Adult"
"TF0460",2025-02-21,"BENGALURU","CHENNAI KILAMBAKKAM KCBT","MADURAI","Winter",40,TRUE,536,120,656,606,50,"Adult"
"TF0461",2025-01-15,"THANJAVUR","MADURAI","NAGERCOIL","Winter",19,TRUE,680,280,960,899,61,"Adult"
"TF0462",2024-11-12,"THANJAVUR","TRICHY","NAGERCOIL","Festive",28,TRUE,295,280,575,540,35,"Student"
"TF0463",2025-02-19,"TIRUCHENDUR","MADURAI","TRICHY","Winter",46,TRUE,295,145,440,356,84,"Adult"
"TF0464",2024-11-14,"COIMBATORE","TRICHY","MADURAI","Festive",65,TRUE,680,145,825,777,48,"Child"
"TF0465",2024-10-02,"SALEM","TRICHY","MADURAI","Festive",31,TRUE,346,120,466,433,33,"Adult"
"TF0466",2025-01-15,"TIRUCHENDUR","MADURAI","TRICHY","Winter",58,FALSE,346,120,466,422,44,"Adult"
"TF0467",2025-01-28,"THANJAVUR","TRICHY","NAGERCOIL","Winter",66,TRUE,295,145,440,409,31,"Adult"
"TF0468",2025-02-28,"THANJAVUR","MADURAI","NAGERCOIL","Winter",64,TRUE,680,320,1000,835,165,"Child"
"TF0469",2024-09-07,"THANJAVUR","MADURAI","NAGERCOIL","Normal",70,TRUE,536,320,856,780,76,"Senior"
"TF0470",2025-01-28,"COIMBATORE","CHENNAI KILAMBAKKAM KCBT","MADURAI","Winter",60,TRUE,497,280,777,641,136,"Adult"
"TF0471",2025-01-08,"COIMBATORE","CHENNAI KILAMBAKKAM KCBT","MADURAI","Winter",45,TRUE,497,280,777,671,106,"Student"
"TF0472",2024-11-26,"COIMBATORE","TRICHY","MADURAI","Festive",35,TRUE,536,145,681,636,45,"Adult"
"TF0473",2025-02-28,"BENGALURU","CHENNAI KILAMBAKKAM KCBT","MADURAI","Winter",24,TRUE,536,320,856,700,156,"Adult"
"TF0474",2025-01-05,"COIMBATORE","TRICHY","MADURAI","Winter",48,TRUE,346,220,566,511,55,"Adult"
"TF0475",2024-10-21,"THANJAVUR","MADURAI","NAGERCOIL","Festive",85,TRUE,346,145,491,413,78,"Adult"
"TF0476",2024-09-23,"TIRUCHENDUR","MADURAI","TRICHY","Normal",48,TRUE,295,220,515,417,98,"Adult"
"TF0477",2024-10-03,"THANJAVUR","MADURAI","NAGERCOIL","Festive",57,TRUE,295,120,415,371,44,"Adult"
"TF0478",2024-11-29,"TIRUPPUR","TRICHY","MADURAI","Festive",24,TRUE,497,320,817,702,115,"Adult"
"TF0479",2025-01-20,"BENGALURU","CHENNAI KILAMBAKKAM KCBT","MADURAI","Winter",60,TRUE,536,145,681,619,62,"Adult"
"TF0480",2024-12-28,"THANJAVUR","TRICHY","NAGERCOIL","Winter",62,TRUE,346,120,466,380,86,"Adult"
"TF0481",2025-02-12,"BENGALURU","CHENNAI KILAMBAKKAM KCBT","MADURAI","Winter",68,TRUE,346,220,566,463,103,"Adult"
"TF0482",2024-12-16,"TIRUPPUR","TRICHY","MADURAI","Winter",65,TRUE,497,320,817,757,60,"Child"
"TF0483",2024-11-22,"COIMBATORE","TRICHY","MADURAI","Festive",57,TRUE,536,320,856,715,141,"Student"
"TF0484",2024-10-17,"TIRUCHENDUR","MADURAI","TRICHY","Festive",50,TRUE,497,320,817,748,69,"Child"
"TF0485",2024-12-04,"TIRUCHENDUR","MADURAI","TRICHY","Winter",56,TRUE,536,280,816,716,100,"Adult"
"TF0486",2024-09-02,"THANJAVUR","MADURAI","NAGERCOIL","Normal",74,TRUE,680,320,1000,926,74,"Adult"
"TF0487",2025-01-22,"TIRUPPUR","TRICHY","MADURAI","Winter",39,TRUE,497,280,777,728,49,"Adult"
"TF0488",2024-12-21,"COIMBATORE","CHENNAI KILAMBAKKAM KCBT","MADURAI","Winter",37,TRUE,536,320,856,812,44,"Child"
"TF0489",2025-02-07,"THANJAVUR","MADURAI","NAGERCOIL","Winter",33,TRUE,346,120,466,414,52,"Student"
"TF0490",2024-11-25,"SALEM","TRICHY","MADURAI","Festive",43,TRUE,536,320,856,801,55,"Adult"
"TF0491",2025-01-04,"SALEM","TRICHY","MADURAI","Winter",49,TRUE,680,280,960,816,144,"Adult"
"TF0492",2025-01-03,"SALEM","CHENNAI KILAMBAKKAM KCBT","MADURAI","Winter",35,TRUE,497,280,777,736,41,"Adult"
"TF0493",2024-10-05,"SALEM","CHENNAI KILAMBAKKAM KCBT","MADURAI","Festive",41,TRUE,497,320,817,684,133,"Student"
"TF0494",2024-09-27,"THANJAVUR","TRICHY","NAGERCOIL","Normal",70,TRUE,295,320,615,522,93,"Adult"
"TF0495",2025-01-27,"BENGALURU","CHENNAI KILAMBAKKAM KCBT","MADURAI","Winter",32,TRUE,536,120,656,621,35,"Student"
"TF0496",2025-02-21,"SALEM","CHENNAI KILAMBAKKAM KCBT","MADURAI","Winter",32,TRUE,346,145,491,440,51,"Senior"
"TF0497",2024-09-29,"TIRUPPUR","TRICHY","MADURAI","Normal",61,TRUE,536,280,816,767,49,"Adult"
"TF0498",2024-09-07,"TIRUPPUR","TRICHY","MADURAI","Normal",65,TRUE,536,220,756,613,143,"Student"
"TF0499",2024-10-01,"TIRUCHENDUR","MADURAI","TRICHY","Festive",32,TRUE,536,120,656,546,110,"Child"
"TF0500",2024-12-27,"TIRUCHENDUR","MADURAI","TRICHY","Winter",20,TRUE,346,145,491,426,65,"Student"
"TF0501",2024-10-18,"THANJAVUR","TRICHY","NAGERCOIL","Festive",47,TRUE,497,120,617,513,104,"Child"
"TF0502",2024-12-04,"COIMBATORE","TRICHY","MADURAI","Winter",29,TRUE,536,220,756,660,96,"Adult"
"TF0503",2024-12-07,"BENGALURU","CHENNAI KILAMBAKKAM KCBT","TRICHY","Winter",24,TRUE,295,120,415,378,37,"Adult"
"TF0504",2025-02-11,"SALEM","TRICHY","MADURAI","Winter",65,TRUE,295,320,615,539,76,"Adult"
"TF0505",2024-11-19,"BENGALURU","CHENNAI KILAMBAKKAM KCBT","MADURAI","Festive",71,TRUE,536,280,816,670,146,"Senior"
"TF0506",2024-10-06,"BENGALURU","CHENNAI KILAMBAKKAM KCBT","TRICHY","Festive",79,TRUE,536,220,756,695,61,"Adult"
"TF0507",2024-10-06,"BENGALURU","CHENNAI KILAMBAKKAM KCBT","MADURAI","Festive",10,TRUE,295,220,515,450,65,"Adult"
"TF0508",2024-10-12,"COIMBATORE","TRICHY","MADURAI","Festive",42,TRUE,536,320,856,791,65,"Student"
"TF0509",2025-02-17,"COIMBATORE","CHENNAI KILAMBAKKAM KCBT","MADURAI","Winter",72,FALSE,680,220,900,784,116,"Student"
"TF0510",2025-01-08,"COIMBATORE","TRICHY","MADURAI","Winter",38,TRUE,536,120,656,606,50,"Adult"
"TF0511",2024-10-05,"COIMBATORE","TRICHY","MADURAI","Festive",13,TRUE,497,120,617,526,91,"Senior"
"TF0512",2024-12-20,"TIRUCHENDUR","MADURAI","TRICHY","Winter",67,FALSE,346,280,626,565,61,"Adult"
"TF0513",2024-10-23,"THANJAVUR","MADURAI","NAGERCOIL","Festive",50,TRUE,497,320,817,743,74,"Adult"
"TF0514",2024-09-08,"SALEM","TRICHY","MADURAI","Normal",64,TRUE,295,320,615,542,73,"Adult"
"TF0515",2024-12-24,"SALEM","CHENNAI KILAMBAKKAM KCBT","MADURAI","Winter",59,TRUE,536,280,816,768,48,"Adult"
"TF0516",2024-11-24,"TIRUPPUR","TRICHY","MADURAI","Festive",36,TRUE,497,320,817,660,157,"Adult"
"TF0517",2024-12-14,"TIRUCHENDUR","MADURAI","TRICHY","Winter",70,TRUE,680,220,900,754,146,"Senior"
"TF0518",2024-12-20,"COIMBATORE","TRICHY","MADURAI","Winter",47,FALSE,536,145,681,566,115,"Adult"
"TF0519",2024-11-16,"TIRUPPUR","TRICHY","MADURAI","Festive",54,TRUE,346,120,466,425,41,"Adult"
"TF0520",2025-01-07,"THANJAVUR","TRICHY","NAGERCOIL","Winter",79,TRUE,497,120,617,515,102,"Adult"
"TF0521",2025-02-14,"BENGALURU","CHENNAI KILAMBAKKAM KCBT","TRICHY","Winter",15,TRUE,536,145,681,627,54,"Adult"
"TF0522",2024-12-17,"TIRUCHENDUR","MADURAI","TRICHY","Winter",35,TRUE,536,220,756,680,76,"Adult"
"TF0523",2024-10-31,"THANJAVUR","TRICHY","NAGERCOIL","Festive",59,TRUE,497,320,817,772,45,"Adult"
"TF0524",2024-10-14,"TIRUPPUR","TRICHY","MADURAI","Festive",34,TRUE,346,120,466,393,73,"Adult"
"TF0525",2025-01-20,"THANJAVUR","MADURAI","NAGERCOIL","Winter",10,TRUE,346,320,666,624,42,"Adult"
"TF0526",2024-12-14,"THANJAVUR","TRICHY","NAGERCOIL","Winter",20,TRUE,346,280,626,568,58,"Adult"
"TF0527",2024-10-23,"TIRUPPUR","TRICHY","MADURAI","Festive",64,FALSE,680,320,1000,881,119,"Adult"
"TF0528",2025-02-04,"THANJAVUR","TRICHY","NAGERCOIL","Winter",42,TRUE,536,145,681,615,66,"Adult"
"TF0529",2025-01-23,"SALEM","CHENNAI KILAMBAKKAM KCBT","MADURAI","Winter",46,TRUE,680,120,800,730,70,"Adult"
"TF0530",2024-11-02,"THANJAVUR","MADURAI","NAGERCOIL","Festive",50,TRUE,680,145,825,674,151,"Adult"
"TF0531",2024-09-29,"COIMBATORE","TRICHY","MADURAI","Normal",79,TRUE,536,280,816,669,147,"Senior"
"TF0532",2024-10-15,"COIMBATORE","CHENNAI KILAMBAKKAM KCBT","MADURAI","Festive",35,TRUE,680,320,1000,852,148,"Adult"
"TF0533",2024-12-11,"TIRUPPUR","TRICHY","MADURAI","Winter",44,FALSE,295,145,440,383,57,"Adult"
"TF0534",2024-12-06,"BENGALURU","CHENNAI KILAMBAKKAM KCBT","MADURAI","Winter",68,TRUE,497,120,617,566,51,"Adult"
"TF0535",2024-09-30,"THANJAVUR","TRICHY","NAGERCOIL","Normal",55,FALSE,536,280,816,674,142,"Adult"
"TF0536",2024-10-05,"TIRUPPUR","TRICHY","MADURAI","Festive",28,TRUE,346,280,626,523,103,"Adult"
"TF0537",2024-11-24,"BENGALURU","CHENNAI KILAMBAKKAM KCBT","TRICHY","Festive",13,TRUE,536,280,816,768,48,"Adult"
"TF0538",2024-10-12,"BENGALURU","CHENNAI KILAMBAKKAM KCBT","TRICHY","Festive",59,TRUE,346,280,626,531,95,"Adult"
"TF0539",2025-01-14,"THANJAVUR","TRICHY","NAGERCOIL","Winter",42,TRUE,680,280,960,793,167,"Adult"
"TF0540",2024-09-26,"THANJAVUR","TRICHY","NAGERCOIL","Normal",58,TRUE,295,280,575,528,47,"Adult"
"TF0541",2024-10-31,"TIRUPPUR","TRICHY","MADURAI","Festive",24,TRUE,346,145,491,426,65,"Senior"
"TF0542",2024-09-15,"BENGALURU","CHENNAI KILAMBAKKAM KCBT","MADURAI","Normal",74,TRUE,497,220,717,605,112,"Student"
"TF0543",2024-12-16,"THANJAVUR","MADURAI","NAGERCOIL","Winter",50,FALSE,680,280,960,843,117,"Adult"
"TF0544",2024-10-08,"THANJAVUR","TRICHY","NAGERCOIL","Festive",64,FALSE,497,320,817,736,81,"Adult"
"TF0545",2025-02-07,"SALEM","CHENNAI KILAMBAKKAM KCBT","MADURAI","Winter",33,TRUE,346,320,666,597,69,"Adult"
"TF0546",2025-01-31,"BENGALURU","CHENNAI KILAMBAKKAM KCBT","TRICHY","Winter",12,TRUE,346,280,626,510,116,"Adult"
"TF0547",2025-01-09,"TIRUCHENDUR","MADURAI","TRICHY","Winter",50,TRUE,346,320,666,600,66,"Adult"
"TF0548",2024-10-29,"COIMBATORE","TRICHY","MADURAI","Festive",11,TRUE,346,280,626,584,42,"Student"
"TF0549",2024-11-28,"BENGALURU","CHENNAI KILAMBAKKAM KCBT","MADURAI","Festive",36,TRUE,497,220,717,575,142,"Adult"
"TF0550",2025-02-19,"SALEM","CHENNAI KILAMBAKKAM KCBT","MADURAI","Winter",84,TRUE,497,320,817,704,113,"Adult"
"TF0551",2025-02-18,"THANJAVUR","MADURAI","NAGERCOIL","Winter",42,TRUE,680,220,900,831,69,"Adult"
"TF0552",2024-11-27,"BENGALURU","CHENNAI KILAMBAKKAM KCBT","TRICHY","Festive",46,TRUE,497,320,817,699,118,"Adult"
"TF0553",2024-11-11,"TIRUPPUR","TRICHY","MADURAI","Festive",73,TRUE,497,120,617,496,121,"Adult"
"TF0554",2025-01-30,"TIRUCHENDUR","MADURAI","TRICHY","Winter",43,TRUE,346,120,466,435,31,"Adult"
"TF0555",2025-01-16,"BENGALURU","CHENNAI KILAMBAKKAM KCBT","TRICHY","Winter",60,TRUE,497,280,777,628,149,"Adult"
"TF0556",2024-10-19,"BENGALURU","CHENNAI KILAMBAKKAM KCBT","MADURAI","Festive",42,TRUE,680,120,800,704,96,"Adult"
"TF0557",2024-12-26,"BENGALURU","CHENNAI KILAMBAKKAM KCBT","TRICHY","Winter",58,TRUE,536,120,656,592,64,"Senior"
"TF0558",2025-01-09,"TIRUCHENDUR","MADURAI","TRICHY","Winter",46,TRUE,680,220,900,772,128,"Adult"
"TF0559",2025-02-10,"COIMBATORE","CHENNAI KILAMBAKKAM KCBT","MADURAI","Winter",66,TRUE,295,120,415,392,23,"Senior"
"TF0560",2024-11-06,"BENGALURU","CHENNAI KILAMBAKKAM KCBT","TRICHY","Festive",17,TRUE,346,280,626,513,113,"Senior"
"TF0561",2024-09-11,"BENGALURU","CHENNAI KILAMBAKKAM KCBT","MADURAI","Normal",57,TRUE,346,220,566,471,95,"Adult"
"TF0562",2024-11-29,"COIMBATORE","CHENNAI KILAMBAKKAM KCBT","MADURAI","Festive",35,TRUE,536,320,856,787,69,"Senior"
"TF0563",2024-10-16,"SALEM","CHENNAI KILAMBAKKAM KCBT","MADURAI","Festive",27,TRUE,295,120,415,383,32,"Adult"
"TF0564",2025-01-23,"THANJAVUR","MADURAI","NAGERCOIL","Winter",49,TRUE,497,145,642,520,122,"Adult"
"TF0565",2025-02-03,"BENGALURU","CHENNAI KILAMBAKKAM KCBT","TRICHY","Winter",26,TRUE,346,280,626,553,73,"Senior"
"TF0566",2025-02-17,"SALEM","TRICHY","MADURAI","Winter",31,TRUE,680,145,825,739,86,"Adult"
"TF0567",2024-11-27,"THANJAVUR","TRICHY","NAGERCOIL","Festive",59,TRUE,346,220,566,489,77,"Adult"
"TF0568",2024-09-05,"COIMBATORE","CHENNAI KILAMBAKKAM KCBT","MADURAI","Normal",19,TRUE,680,320,1000,861,139,"Adult"
"TF0569",2024-10-24,"COIMBATORE","TRICHY","MADURAI","Festive",65,TRUE,536,220,756,645,111,"Adult"
"TF0570",2024-12-09,"BENGALURU","CHENNAI KILAMBAKKAM KCBT","MADURAI","Winter",49,TRUE,497,320,817,718,99,"Adult"
"TF0571",2024-09-03,"TIRUCHENDUR","MADURAI","TRICHY","Normal",59,TRUE,346,145,491,402,89,"Adult"
"TF0572",2024-10-11,"THANJAVUR","MADURAI","NAGERCOIL","Festive",45,TRUE,295,320,615,518,97,"Adult"
"TF0573",2025-02-18,"TIRUCHENDUR","MADURAI","TRICHY","Winter",27,TRUE,680,220,900,801,99,"Adult"
"TF0574",2024-12-13,"THANJAVUR","TRICHY","NAGERCOIL","Winter",27,TRUE,497,320,817,654,163,"Adult"
"TF0575",2025-01-17,"THANJAVUR","MADURAI","NAGERCOIL","Winter",42,TRUE,346,145,491,407,84,"Adult"
"TF0576",2025-01-21,"THANJAVUR","TRICHY","NAGERCOIL","Winter",20,TRUE,346,145,491,410,81,"Adult"
"TF0577",2024-11-08,"COIMBATORE","CHENNAI KILAMBAKKAM KCBT","MADURAI","Festive",41,TRUE,536,280,816,766,50,"Adult"
"TF0578",2025-01-22,"COIMBATORE","TRICHY","MADURAI","Winter",41,TRUE,295,280,575,487,88,"Adult"
"TF0579",2025-01-10,"TIRUPPUR","TRICHY","MADURAI","Winter",92,FALSE,536,220,756,683,73,"Student"
"TF0580",2024-11-26,"COIMBATORE","CHENNAI KILAMBAKKAM KCBT","MADURAI","Festive",47,TRUE,497,320,817,709,108,"Student"
"TF0581",2025-01-08,"SALEM","TRICHY","MADURAI","Winter",12,TRUE,295,320,615,534,81,"Adult"
"TF0582",2024-09-02,"BENGALURU","CHENNAI KILAMBAKKAM KCBT","TRICHY","Normal",46,TRUE,680,320,1000,924,76,"Adult"
"TF0583",2024-10-29,"COIMBATORE","CHENNAI KILAMBAKKAM KCBT","MADURAI","Festive",51,TRUE,680,145,825,732,93,"Adult"
"TF0584",2024-10-30,"TIRUPPUR","TRICHY","MADURAI","Festive",31,TRUE,497,220,717,588,129,"Student"
"TF0585",2025-01-11,"COIMBATORE","CHENNAI KILAMBAKKAM KCBT","MADURAI","Winter",38,TRUE,680,320,1000,807,193,"Adult"
"TF0586",2025-02-27,"COIMBATORE","CHENNAI KILAMBAKKAM KCBT","MADURAI","Winter",21,TRUE,295,280,575,524,51,"Senior"
"TF0587",2024-10-05,"COIMBATORE","CHENNAI KILAMBAKKAM KCBT","MADURAI","Festive",62,TRUE,536,120,656,578,78,"Adult"
"TF0588",2024-12-19,"THANJAVUR","MADURAI","NAGERCOIL","Winter",63,TRUE,497,280,777,690,87,"Adult"
"TF0589",2024-11-04,"SALEM","TRICHY","MADURAI","Festive",36,TRUE,295,220,515,487,28,"Child"
"TF0590",2024-09-29,"SALEM","TRICHY","MADURAI","Normal",56,TRUE,295,145,440,393,47,"Child"
"TF0591",2024-12-02,"THANJAVUR","MADURAI","NAGERCOIL","Winter",54,TRUE,295,320,615,572,43,"Adult"
"TF0592",2025-02-27,"COIMBATORE","TRICHY","MADURAI","Winter",46,TRUE,680,220,900,844,56,"Adult"
"TF0593",2025-01-05,"THANJAVUR","MADURAI","NAGERCOIL","Winter",73,TRUE,295,120,415,341,74,"Adult"
"TF0594",2025-01-08,"COIMBATORE","CHENNAI KILAMBAKKAM KCBT","MADURAI","Winter",38,TRUE,536,120,656,535,121,"Adult"
"TF0595",2024-12-23,"BENGALURU","CHENNAI KILAMBAKKAM KCBT","MADURAI","Winter",37,TRUE,536,320,856,691,165,"Child"
"TF0596",2025-02-20,"BENGALURU","CHENNAI KILAMBAKKAM KCBT","TRICHY","Winter",10,TRUE,497,145,642,574,68,"Adult"
"TF0597",2024-11-28,"SALEM","CHENNAI KILAMBAKKAM KCBT","MADURAI","Festive",38,TRUE,680,280,960,854,106,"Senior"
"TF0598",2025-01-07,"TIRUPPUR","TRICHY","MADURAI","Winter",50,TRUE,497,145,642,529,113,"Adult"
"TF0599",2025-01-25,"SALEM","CHENNAI KILAMBAKKAM KCBT","MADURAI","Winter",33,TRUE,680,220,900,841,59,"Adult"
"TF0600",2024-09-06,"SALEM","TRICHY","MADURAI","Normal",15,TRUE,295,120,415,334,81,"Adult"
"TF0601",2024-10-04,"TIRUCHENDUR","MADURAI","TRICHY","Festive",36,TRUE,680,320,1000,916,84,"Adult"
"TF0602",2025-02-17,"BENGALURU","CHENNAI KILAMBAKKAM KCBT","TRICHY","Winter",50,TRUE,680,320,1000,822,178,"Senior"
"TF0603",2024-09-15,"COIMBATORE","TRICHY","MADURAI","Normal",32,TRUE,497,220,717,624,93,"Adult"
"TF0604",2024-10-25,"COIMBATORE","CHENNAI KILAMBAKKAM KCBT","MADURAI","Festive",24,TRUE,680,220,900,720,180,"Adult"
"TF0605",2025-01-28,"COIMBATORE","CHENNAI KILAMBAKKAM KCBT","MADURAI","Winter",73,TRUE,295,280,575,480,95,"Senior"
"TF0606",2024-12-27,"THANJAVUR","MADURAI","NAGERCOIL","Winter",58,TRUE,497,120,617,576,41,"Senior"
"TF0607",2024-09-18,"BENGALURU","CHENNAI KILAMBAKKAM KCBT","MADURAI","Normal",65,TRUE,497,320,817,704,113,"Adult"
"TF0608",2024-10-29,"SALEM","TRICHY","MADURAI","Festive",34,TRUE,497,120,617,585,32,"Adult"
"TF0609",2024-12-15,"COIMBATORE","CHENNAI KILAMBAKKAM KCBT","MADURAI","Winter",48,TRUE,680,280,960,771,189,"Adult"
"TF0610",2025-02-01,"THANJAVUR","MADURAI","NAGERCOIL","Winter",68,TRUE,536,280,816,738,78,"Adult"
"TF0611",2025-02-17,"SALEM","TRICHY","MADURAI","Winter",34,TRUE,295,220,515,442,73,"Adult"
"TF0612",2025-01-21,"SALEM","TRICHY","MADURAI","Winter",10,TRUE,497,145,642,539,103,"Adult"
"TF0613",2024-12-13,"SALEM","TRICHY","MADURAI","Winter",30,TRUE,295,280,575,461,114,"Adult"
"TF0614",2024-10-18,"COIMBATORE","CHENNAI KILAMBAKKAM KCBT","MADURAI","Festive",56,TRUE,680,320,1000,900,100,"Adult"
"TF0615",2024-10-19,"SALEM","CHENNAI KILAMBAKKAM KCBT","MADURAI","Festive",53,TRUE,680,145,825,719,106,"Adult"
"TF0616",2024-10-22,"TIRUPPUR","TRICHY","MADURAI","Festive",46,TRUE,295,280,575,488,87,"Adult"
"TF0617",2024-10-10,"COIMBATORE","TRICHY","MADURAI","Festive",48,TRUE,295,280,575,485,90,"Student"
"TF0618",2024-11-07,"SALEM","CHENNAI KILAMBAKKAM KCBT","MADURAI","Festive",73,TRUE,497,220,717,589,128,"Adult"
"TF0619",2024-09-28,"SALEM","CHENNAI KILAMBAKKAM KCBT","MADURAI","Normal",21,FALSE,346,280,626,554,72,"Adult"
"TF0620",2024-09-06,"THANJAVUR","MADURAI","NAGERCOIL","Normal",79,TRUE,295,280,575,523,52,"Adult"
"TF0621",2025-01-06,"BENGALURU","CHENNAI KILAMBAKKAM KCBT","MADURAI","Winter",55,TRUE,497,220,717,645,72,"Adult"
"TF0622",2025-02-08,"COIMBATORE","TRICHY","MADURAI","Winter",23,TRUE,680,280,960,870,90,"Adult"
"TF0623",2024-10-07,"THANJAVUR","MADURAI","NAGERCOIL","Festive",20,TRUE,680,120,800,718,82,"Student"
"TF0624",2024-09-14,"SALEM","TRICHY","MADURAI","Normal",48,TRUE,680,220,900,845,55,"Child"
"TF0625",2025-01-09,"BENGALURU","CHENNAI KILAMBAKKAM KCBT","MADURAI","Winter",35,TRUE,497,145,642,517,125,"Student"
"TF0626",2024-12-25,"THANJAVUR","MADURAI","NAGERCOIL","Winter",55,TRUE,680,120,800,731,69,"Adult"
"TF0627",2024-09-24,"COIMBATORE","TRICHY","MADURAI","Normal",70,TRUE,536,220,756,696,60,"Adult"
"TF0628",2025-01-01,"THANJAVUR","TRICHY","NAGERCOIL","Winter",57,TRUE,497,280,777,708,69,"Child"
"TF0629",2025-01-02,"COIMBATORE","TRICHY","MADURAI","Winter",10,TRUE,346,220,566,536,30,"Adult"
"TF0630",2024-09-14,"THANJAVUR","TRICHY","NAGERCOIL","Normal",10,TRUE,497,320,817,773,44,"Adult"
"TF0631",2024-10-21,"THANJAVUR","TRICHY","NAGERCOIL","Festive",76,TRUE,295,145,440,409,31,"Adult"
"TF0632",2025-01-19,"COIMBATORE","CHENNAI KILAMBAKKAM KCBT","MADURAI","Winter",22,TRUE,680,280,960,834,126,"Adult"
"TF0633",2024-12-08,"BENGALURU","CHENNAI KILAMBAKKAM KCBT","MADURAI","Winter",41,TRUE,680,320,1000,898,102,"Child"
"TF0634",2024-09-28,"COIMBATORE","CHENNAI KILAMBAKKAM KCBT","MADURAI","Normal",45,TRUE,497,120,617,552,65,"Adult"
"TF0635",2025-01-22,"BENGALURU","CHENNAI KILAMBAKKAM KCBT","TRICHY","Winter",39,TRUE,346,145,491,449,42,"Adult"
"TF0636",2025-01-02,"THANJAVUR","MADURAI","NAGERCOIL","Winter",57,TRUE,536,120,656,550,106,"Student"
"TF0637",2024-12-16,"THANJAVUR","TRICHY","NAGERCOIL","Winter",23,TRUE,536,320,856,748,108,"Adult"
"TF0638",2024-11-29,"BENGALURU","CHENNAI KILAMBAKKAM KCBT","MADURAI","Festive",27,TRUE,346,120,466,379,87,"Adult"
"TF0639",2024-11-25,"TIRUPPUR","TRICHY","MADURAI","Festive",63,TRUE,680,145,825,727,98,"Adult"
"TF0640",2024-12-18,"COIMBATORE","TRICHY","MADURAI","Winter",18,TRUE,346,120,466,381,85,"Adult"
"TF0641",2024-12-26,"SALEM","CHENNAI KILAMBAKKAM KCBT","MADURAI","Winter",37,TRUE,680,280,960,816,144,"Adult"
"TF0642",2024-12-13,"THANJAVUR","MADURAI","NAGERCOIL","Winter",45,TRUE,346,145,491,417,74,"Adult"
"TF0643",2024-11-16,"THANJAVUR","TRICHY","NAGERCOIL","Festive",46,TRUE,680,280,960,809,151,"Adult"
"TF0644",2025-02-13,"THANJAVUR","TRICHY","NAGERCOIL","Winter",59,TRUE,295,145,440,412,28,"Adult"
"TF0645",2025-01-26,"COIMBATORE","CHENNAI KILAMBAKKAM KCBT","MADURAI","Winter",83,TRUE,295,320,615,506,109,"Student"
"TF0646",2024-12-07,"COIMBATORE","CHENNAI KILAMBAKKAM KCBT","MADURAI","Winter",55,TRUE,536,320,856,787,69,"Adult"
"TF0647",2024-12-21,"TIRUPPUR","TRICHY","MADURAI","Winter",37,TRUE,536,145,681,556,125,"Adult"
"TF0648",2025-02-25,"COIMBATORE","CHENNAI KILAMBAKKAM KCBT","MADURAI","Winter",49,TRUE,680,120,800,711,89,"Senior"
"TF0649",2025-01-16,"BENGALURU","CHENNAI KILAMBAKKAM KCBT","TRICHY","Winter",28,TRUE,497,145,642,538,104,"Adult"
"TF0650",2025-01-30,"BENGALURU","CHENNAI KILAMBAKKAM KCBT","MADURAI","Winter",37,TRUE,346,220,566,488,78,"Adult"
"TF0651",2025-02-06,"SALEM","CHENNAI KILAMBAKKAM KCBT","MADURAI","Winter",43,TRUE,536,220,756,654,102,"Child"
"TF0652",2025-01-08,"BENGALURU","CHENNAI KILAMBAKKAM KCBT","TRICHY","Winter",42,TRUE,346,280,626,567,59,"Adult"
"TF0653",2024-10-11,"TIRUCHENDUR","MADURAI","TRICHY","Festive",54,TRUE,536,145,681,585,96,"Adult"
"TF0654",2024-10-25,"BENGALURU","CHENNAI KILAMBAKKAM KCBT","TRICHY","Festive",41,TRUE,680,280,960,887,73,"Adult"
"TF0655",2024-12-21,"THANJAVUR","MADURAI","NAGERCOIL","Winter",62,FALSE,295,145,440,413,27,"Child"
"TF0656",2024-09-16,"COIMBATORE","TRICHY","MADURAI","Normal",91,FALSE,680,120,800,696,104,"Student"
"TF0657",2024-10-04,"TIRUPPUR","TRICHY","MADURAI","Festive",49,TRUE,680,220,900,843,57,"Adult"
"TF0658",2024-11-17,"THANJAVUR","TRICHY","NAGERCOIL","Festive",29,TRUE,497,145,642,602,40,"Adult"
"TF0659",2024-10-30,"SALEM","TRICHY","MADURAI","Festive",20,TRUE,295,120,415,358,57,"Adult"
"TF0660",2024-10-17,"COIMBATORE","TRICHY","MADURAI","Festive",70,TRUE,295,145,440,393,47,"Student"
"TF0661",2024-09-24,"COIMBATORE","CHENNAI KILAMBAKKAM KCBT","MADURAI","Normal",34,TRUE,346,320,666,543,123,"Adult"
"TF0662",2025-01-09,"BENGALURU","CHENNAI KILAMBAKKAM KCBT","TRICHY","Winter",39,TRUE,680,220,900,735,165,"Adult"
"TF0663",2024-09-13,"SALEM","TRICHY","MADURAI","Normal",56,FALSE,536,145,681,647,34,"Student"
"TF0664",2025-02-15,"THANJAVUR","MADURAI","NAGERCOIL","Winter",42,FALSE,680,145,825,691,134,"Adult"
"TF0665",2024-09-06,"SALEM","TRICHY","MADURAI","Normal",47,TRUE,536,280,816,672,144,"Adult"
"TF0666",2024-11-20,"SALEM","TRICHY","MADURAI","Festive",53,TRUE,680,280,960,895,65,"Student"
"TF0667",2024-09-24,"SALEM","TRICHY","MADURAI","Normal",67,TRUE,536,280,816,666,150,"Adult"
"TF0668",2025-02-25,"TIRUPPUR","TRICHY","MADURAI","Winter",10,TRUE,497,280,777,684,93,"Adult"
"TF0669",2025-01-12,"COIMBATORE","CHENNAI KILAMBAKKAM KCBT","MADURAI","Winter",73,TRUE,536,120,656,532,124,"Student"
"TF0670",2025-02-22,"BENGALURU","CHENNAI KILAMBAKKAM KCBT","MADURAI","Winter",51,TRUE,295,220,515,420,95,"Adult"
"TF0671",2025-01-26,"TIRUPPUR","TRICHY","MADURAI","Winter",42,FALSE,497,320,817,756,61,"Student"
"TF0672",2024-09-11,"BENGALURU","CHENNAI KILAMBAKKAM KCBT","TRICHY","Normal",21,TRUE,536,320,856,805,51,"Adult"
"TF0673",2025-01-15,"TIRUCHENDUR","MADURAI","TRICHY","Winter",44,TRUE,295,220,515,443,72,"Student"
"TF0674",2025-02-19,"BENGALURU","CHENNAI KILAMBAKKAM KCBT","TRICHY","Winter",56,TRUE,295,220,515,487,28,"Adult"
"TF0675",2024-10-27,"COIMBATORE","TRICHY","MADURAI","Festive",60,TRUE,295,220,515,430,85,"Adult"
"TF0676",2024-09-27,"BENGALURU","CHENNAI KILAMBAKKAM KCBT","TRICHY","Normal",57,TRUE,295,145,440,418,22,"Child"
"TF0677",2025-02-13,"COIMBATORE","TRICHY","MADURAI","Winter",41,TRUE,346,145,491,420,71,"Adult"
"TF0678",2025-02-08,"THANJAVUR","TRICHY","NAGERCOIL","Winter",37,TRUE,497,145,642,539,103,"Adult"
"TF0679",2025-02-09,"SALEM","CHENNAI KILAMBAKKAM KCBT","MADURAI","Winter",62,TRUE,346,320,666,621,45,"Adult"
"TF0680",2024-11-18,"TIRUPPUR","TRICHY","MADURAI","Festive",72,TRUE,346,220,566,461,105,"Adult"
"TF0681",2024-09-29,"THANJAVUR","TRICHY","NAGERCOIL","Normal",70,TRUE,536,120,656,567,89,"Adult"
"TF0682",2024-12-20,"COIMBATORE","TRICHY","MADURAI","Winter",52,TRUE,346,120,466,431,35,"Adult"
"TF0683",2024-11-09,"SALEM","CHENNAI KILAMBAKKAM KCBT","MADURAI","Festive",42,TRUE,536,145,681,622,59,"Adult"
"TF0684",2025-01-18,"COIMBATORE","CHENNAI KILAMBAKKAM KCBT","MADURAI","Winter",60,TRUE,497,145,642,547,95,"Adult"
"TF0685",2025-01-26,"COIMBATORE","CHENNAI KILAMBAKKAM KCBT","MADURAI","Winter",40,TRUE,346,220,566,456,110,"Child"
"TF0686",2025-01-09,"COIMBATORE","CHENNAI KILAMBAKKAM KCBT","MADURAI","Winter",46,TRUE,497,220,717,645,72,"Adult"
"TF0687",2024-11-20,"BENGALURU","CHENNAI KILAMBAKKAM KCBT","TRICHY","Festive",67,FALSE,536,220,756,634,122,"Adult"
"TF0688",2025-01-29,"SALEM","CHENNAI KILAMBAKKAM KCBT","MADURAI","Winter",44,TRUE,680,280,960,838,122,"Senior"
"TF0689",2024-11-14,"BENGALURU","CHENNAI KILAMBAKKAM KCBT","MADURAI","Festive",33,TRUE,680,120,800,696,104,"Adult"
"TF0690",2024-11-09,"TIRUCHENDUR","MADURAI","TRICHY","Festive",65,TRUE,536,320,856,784,72,"Adult"
"TF0691",2024-10-29,"SALEM","TRICHY","MADURAI","Festive",37,TRUE,346,280,626,589,37,"Adult"
"TF0692",2025-02-25,"SALEM","TRICHY","MADURAI","Winter",21,TRUE,346,145,491,437,54,"Adult"
"TF0693",2024-09-28,"BENGALURU","CHENNAI KILAMBAKKAM KCBT","TRICHY","Normal",44,TRUE,295,280,575,527,48,"Adult"
"TF0694",2025-01-05,"TIRUCHENDUR","MADURAI","TRICHY","Winter",41,TRUE,497,120,617,582,35,"Adult"
"TF0695",2024-10-26,"BENGALURU","CHENNAI KILAMBAKKAM KCBT","TRICHY","Festive",58,TRUE,346,120,466,380,86,"Child"
"TF0696",2024-09-21,"SALEM","TRICHY","MADURAI","Normal",73,TRUE,536,320,856,710,146,"Student"
"TF0697",2025-02-25,"BENGALURU","CHENNAI KILAMBAKKAM KCBT","TRICHY","Winter",31,TRUE,346,120,466,394,72,"Adult"
"TF0698",2024-09-15,"COIMBATORE","CHENNAI KILAMBAKKAM KCBT","MADURAI","Normal",74,TRUE,536,320,856,712,144,"Adult"
"TF0699",2024-10-24,"COIMBATORE","CHENNAI KILAMBAKKAM KCBT","MADURAI","Festive",32,TRUE,536,320,856,749,107,"Adult"
"TF0700",2024-10-16,"COIMBATORE","CHENNAI KILAMBAKKAM KCBT","MADURAI","Festive",54,TRUE,295,280,575,511,64,"Adult"
"TF0701",2025-02-01,"BENGALURU","CHENNAI KILAMBAKKAM KCBT","TRICHY","Winter",37,TRUE,346,220,566,473,93,"Adult"
"TF0702",2025-01-25,"TIRUCHENDUR","MADURAI","TRICHY","Winter",20,FALSE,536,120,656,580,76,"Adult"
"TF0703",2025-01-18,"TIRUPPUR","TRICHY","MADURAI","Winter",60,FALSE,295,320,615,577,38,"Adult"
"TF0704",2024-10-21,"TIRUCHENDUR","MADURAI","TRICHY","Festive",87,TRUE,497,220,717,592,125,"Adult"
"TF0705",2025-02-04,"SALEM","CHENNAI KILAMBAKKAM KCBT","MADURAI","Winter",56,TRUE,346,120,466,430,36,"Senior"
"TF0706",2024-10-19,"TIRUPPUR","TRICHY","MADURAI","Festive",10,FALSE,536,145,681,555,126,"Adult"
"TF0707",2024-09-05,"THANJAVUR","TRICHY","NAGERCOIL","Normal",60,TRUE,295,280,575,509,66,"Adult"
"TF0708",2024-09-18,"TIRUPPUR","TRICHY","MADURAI","Normal",42,TRUE,295,220,515,457,58,"Adult"
"TF0709",2024-09-07,"SALEM","CHENNAI KILAMBAKKAM KCBT","MADURAI","Normal",10,TRUE,295,220,515,460,55,"Adult"
"TF0710",2025-01-23,"TIRUCHENDUR","MADURAI","TRICHY","Winter",14,TRUE,497,120,617,508,109,"Adult"
"TF0711",2024-09-17,"BENGALURU","CHENNAI KILAMBAKKAM KCBT","MADURAI","Normal",29,TRUE,680,145,825,705,120,"Adult"
"TF0712",2025-02-26,"THANJAVUR","TRICHY","NAGERCOIL","Winter",31,TRUE,346,280,626,537,89,"Adult"
"TF0713",2024-12-27,"SALEM","CHENNAI KILAMBAKKAM KCBT","MADURAI","Winter",37,FALSE,536,320,856,789,67,"Adult"
"TF0714",2025-01-11,"SALEM","CHENNAI KILAMBAKKAM KCBT","MADURAI","Winter",21,TRUE,680,220,900,739,161,"Student"
"TF0715",2025-01-12,"THANJAVUR","MADURAI","NAGERCOIL","Winter",55,TRUE,536,320,856,708,148,"Adult"
"TF0716",2025-01-21,"COIMBATORE","CHENNAI KILAMBAKKAM KCBT","MADURAI","Winter",47,TRUE,680,120,800,699,101,"Adult"
"TF0717",2025-02-07,"TIRUPPUR","TRICHY","MADURAI","Winter",33,TRUE,346,145,491,399,92,"Adult"
"TF0718",2024-11-09,"TIRUPPUR","TRICHY","MADURAI","Festive",72,TRUE,536,120,656,525,131,"Adult"
"TF0719",2024-11-17,"TIRUPPUR","TRICHY","MADURAI","Festive",67,TRUE,346,145,491,415,76,"Senior"
"TF0720",2024-10-13,"SALEM","CHENNAI KILAMBAKKAM KCBT","MADURAI","Festive",80,TRUE,680,220,900,724,176,"Adult"
"TF0721",2024-09-24,"TIRUCHENDUR","MADURAI","TRICHY","Normal",76,TRUE,680,120,800,753,47,"Adult"
"TF0722",2024-11-09,"TIRUCHENDUR","MADURAI","TRICHY","Festive",16,TRUE,295,145,440,367,73,"Adult"
"TF0723",2024-10-19,"COIMBATORE","CHENNAI KILAMBAKKAM KCBT","MADURAI","Festive",92,FALSE,680,145,825,704,121,"Adult"
"TF0724",2024-10-11,"SALEM","TRICHY","MADURAI","Festive",37,TRUE,536,220,756,617,139,"Senior"
"TF0725",2024-10-16,"SALEM","TRICHY","MADURAI","Festive",34,TRUE,680,280,960,844,116,"Adult"
"TF0726",2025-02-13,"BENGALURU","CHENNAI KILAMBAKKAM KCBT","MADURAI","Winter",42,TRUE,536,120,656,555,101,"Adult"
"TF0727",2024-11-08,"THANJAVUR","TRICHY","NAGERCOIL","Festive",23,TRUE,295,220,515,421,94,"Adult"
"TF0728",2024-11-24,"THANJAVUR","TRICHY","NAGERCOIL","Festive",39,TRUE,346,320,666,546,120,"Student"
"TF0729",2024-12-29,"SALEM","TRICHY","MADURAI","Winter",60,TRUE,497,280,777,634,143,"Senior"
"TF0730",2024-09-23,"COIMBATORE","CHENNAI KILAMBAKKAM KCBT","MADURAI","Normal",70,TRUE,497,145,642,514,128,"Adult"
"TF0731",2025-02-03,"SALEM","CHENNAI KILAMBAKKAM KCBT","MADURAI","Winter",28,TRUE,536,280,816,683,133,"Senior"
"TF0732",2024-09-21,"SALEM","TRICHY","MADURAI","Normal",72,TRUE,497,280,777,663,114,"Adult"
"TF0733",2025-01-16,"THANJAVUR","TRICHY","NAGERCOIL","Winter",50,FALSE,295,220,515,460,55,"Child"
"TF0734",2024-11-24,"BENGALURU","CHENNAI KILAMBAKKAM KCBT","MADURAI","Festive",47,TRUE,680,280,960,868,92,"Adult"
"TF0735",2024-12-25,"SALEM","CHENNAI KILAMBAKKAM KCBT","MADURAI","Winter",44,TRUE,680,145,825,697,128,"Adult"
"TF0736",2024-09-02,"SALEM","TRICHY","MADURAI","Normal",48,TRUE,536,145,681,610,71,"Student"
"TF0737",2024-10-05,"TIRUCHENDUR","MADURAI","TRICHY","Festive",63,TRUE,536,280,816,761,55,"Student"
"TF0738",2024-12-31,"COIMBATORE","TRICHY","MADURAI","Winter",17,TRUE,497,120,617,503,114,"Adult"
"TF0739",2024-11-05,"COIMBATORE","TRICHY","MADURAI","Festive",52,TRUE,497,220,717,601,116,"Adult"
"TF0740",2024-12-18,"SALEM","TRICHY","MADURAI","Winter",80,FALSE,497,145,642,515,127,"Adult"
"TF0741",2024-12-25,"SALEM","CHENNAI KILAMBAKKAM KCBT","MADURAI","Winter",81,TRUE,680,120,800,657,143,"Adult"
"TF0742",2025-01-12,"BENGALURU","CHENNAI KILAMBAKKAM KCBT","MADURAI","Winter",23,TRUE,497,120,617,537,80,"Adult"
"TF0743",2024-12-04,"SALEM","TRICHY","MADURAI","Winter",38,TRUE,497,220,717,612,105,"Adult"
"TF0744",2024-12-25,"TIRUPPUR","TRICHY","MADURAI","Winter",40,TRUE,536,145,681,618,63,"Student"
"TF0745",2024-11-09,"SALEM","CHENNAI KILAMBAKKAM KCBT","MADURAI","Festive",59,TRUE,497,145,642,594,48,"Adult"
"TF0746",2024-10-21,"BENGALURU","CHENNAI KILAMBAKKAM KCBT","TRICHY","Festive",63,FALSE,536,220,756,652,104,"Adult"
"TF0747",2025-01-04,"BENGALURU","CHENNAI KILAMBAKKAM KCBT","MADURAI","Winter",64,TRUE,680,280,960,777,183,"Adult"
"TF0748",2024-12-24,"THANJAVUR","MADURAI","NAGERCOIL","Winter",65,TRUE,680,320,1000,916,84,"Adult"
"TF0749",2024-10-21,"BENGALURU","CHENNAI KILAMBAKKAM KCBT","TRICHY","Festive",69,TRUE,346,220,566,478,88,"Adult"
"TF0750",2025-01-04,"COIMBATORE","CHENNAI KILAMBAKKAM KCBT","MADURAI","Winter",12,TRUE,295,280,575,467,108,"Adult"
"TF0751",2024-09-27,"TIRUPPUR","TRICHY","MADURAI","Normal",63,TRUE,346,120,466,408,58,"Senior"
"TF0752",2024-12-08,"BENGALURU","CHENNAI KILAMBAKKAM KCBT","TRICHY","Winter",43,TRUE,497,280,777,695,82,"Senior"
"TF0753",2024-09-17,"COIMBATORE","CHENNAI KILAMBAKKAM KCBT","MADURAI","Normal",37,TRUE,295,220,515,448,67,"Adult"
"TF0754",2024-12-25,"BENGALURU","CHENNAI KILAMBAKKAM KCBT","TRICHY","Winter",79,TRUE,346,220,566,468,98,"Adult"
"TF0755",2024-12-07,"SALEM","CHENNAI KILAMBAKKAM KCBT","MADURAI","Winter",24,TRUE,295,320,615,572,43,"Student"
"TF0756",2024-09-16,"SALEM","TRICHY","MADURAI","Normal",17,TRUE,497,320,817,764,53,"Senior"
"TF0757",2025-02-22,"TIRUPPUR","TRICHY","MADURAI","Winter",66,TRUE,680,145,825,664,161,"Student"
"TF0758",2025-02-08,"TIRUPPUR","TRICHY","MADURAI","Winter",61,TRUE,680,280,960,901,59,"Adult"
"TF0759",2025-01-30,"THANJAVUR","TRICHY","NAGERCOIL","Winter",42,TRUE,346,280,626,568,58,"Adult"
"TF0760",2025-01-04,"TIRUCHENDUR","MADURAI","TRICHY","Winter",54,TRUE,497,320,817,670,147,"Adult"
"TF0761",2024-11-27,"COIMBATORE","TRICHY","MADURAI","Festive",41,TRUE,680,120,800,649,151,"Adult"
"TF0762",2024-12-14,"BENGALURU","CHENNAI KILAMBAKKAM KCBT","TRICHY","Winter",38,TRUE,295,220,515,454,61,"Adult"
"TF0763",2025-02-11,"TIRUPPUR","TRICHY","MADURAI","Winter",44,TRUE,536,320,856,713,143,"Adult"
"TF0764",2024-10-09,"TIRUPPUR","TRICHY","MADURAI","Festive",38,TRUE,346,120,466,419,47,"Student"
"TF0765",2025-02-05,"TIRUCHENDUR","MADURAI","TRICHY","Winter",59,TRUE,680,220,900,800,100,"Senior"
"TF0766",2024-10-08,"TIRUCHENDUR","MADURAI","TRICHY","Festive",69,TRUE,680,320,1000,912,88,"Student"
"TF0767",2024-12-12,"COIMBATORE","TRICHY","MADURAI","Winter",53,TRUE,680,280,960,890,70,"Adult"
"TF0768",2024-10-20,"TIRUCHENDUR","MADURAI","TRICHY","Festive",33,TRUE,680,320,1000,878,122,"Adult"
"TF0769",2024-11-15,"BENGALURU","CHENNAI KILAMBAKKAM KCBT","MADURAI","Festive",24,TRUE,536,320,856,802,54,"Adult"
"TF0770",2025-02-21,"COIMBATORE","CHENNAI KILAMBAKKAM KCBT","MADURAI","Winter",46,TRUE,536,220,756,618,138,"Adult"
"TF0771",2024-10-06,"BENGALURU","CHENNAI KILAMBAKKAM KCBT","TRICHY","Festive",38,TRUE,680,320,1000,865,135,"Student"
"TF0772",2024-11-06,"BENGALURU","CHENNAI KILAMBAKKAM KCBT","TRICHY","Festive",34,TRUE,295,120,415,361,54,"Adult"
"TF0773",2024-11-10,"SALEM","CHENNAI KILAMBAKKAM KCBT","MADURAI","Festive",54,TRUE,680,220,900,726,174,"Adult"
"TF0774",2024-11-11,"THANJAVUR","TRICHY","NAGERCOIL","Festive",40,TRUE,295,280,575,534,41,"Adult"
"TF0775",2024-11-14,"TIRUPPUR","TRICHY","MADURAI","Festive",36,TRUE,536,145,681,624,57,"Adult"
"TF0776",2024-10-10,"BENGALURU","CHENNAI KILAMBAKKAM KCBT","TRICHY","Festive",66,TRUE,680,280,960,785,175,"Adult"
"TF0777",2025-02-26,"COIMBATORE","CHENNAI KILAMBAKKAM KCBT","MADURAI","Winter",47,TRUE,346,145,491,444,47,"Adult"
"TF0778",2024-12-10,"SALEM","TRICHY","MADURAI","Winter",50,TRUE,497,280,777,709,68,"Senior"
"TF0779",2024-10-03,"TIRUPPUR","TRICHY","MADURAI","Festive",57,TRUE,346,220,566,469,97,"Adult"
"TF0780",2024-11-13,"THANJAVUR","MADURAI","NAGERCOIL","Festive",43,TRUE,346,145,491,432,59,"Adult"
"TF0781",2025-02-16,"SALEM","CHENNAI KILAMBAKKAM KCBT","MADURAI","Winter",13,TRUE,680,145,825,749,76,"Adult"
"TF0782",2024-10-30,"COIMBATORE","TRICHY","MADURAI","Festive",37,TRUE,295,320,615,546,69,"Adult"
"TF0783",2025-01-19,"COIMBATORE","CHENNAI KILAMBAKKAM KCBT","MADURAI","Winter",79,TRUE,497,145,642,585,57,"Student"
"TF0784",2024-10-07,"THANJAVUR","TRICHY","NAGERCOIL","Festive",85,TRUE,680,220,900,747,153,"Adult"
"TF0785",2024-10-05,"COIMBATORE","CHENNAI KILAMBAKKAM KCBT","MADURAI","Festive",23,TRUE,680,320,1000,939,61,"Adult"
"TF0786",2024-10-09,"TIRUCHENDUR","MADURAI","TRICHY","Festive",63,TRUE,497,280,777,700,77,"Adult"
"TF0787",2024-12-15,"BENGALURU","CHENNAI KILAMBAKKAM KCBT","MADURAI","Winter",43,TRUE,680,120,800,747,53,"Student"
"TF0788",2024-11-01,"THANJAVUR","MADURAI","NAGERCOIL","Festive",55,TRUE,346,145,491,461,30,"Student"
"TF0789",2024-09-23,"SALEM","CHENNAI KILAMBAKKAM KCBT","MADURAI","Normal",36,FALSE,295,320,615,529,86,"Adult"
"TF0790",2024-10-04,"COIMBATORE","CHENNAI KILAMBAKKAM KCBT","MADURAI","Festive",45,TRUE,295,145,440,411,29,"Student"
"TF0791",2025-01-10,"TIRUCHENDUR","MADURAI","TRICHY","Winter",59,TRUE,295,280,575,521,54,"Adult"
"TF0792",2024-09-10,"SALEM","TRICHY","MADURAI","Normal",39,FALSE,680,145,825,663,162,"Adult"
"TF0793",2024-10-06,"TIRUCHENDUR","MADURAI","TRICHY","Festive",26,TRUE,536,145,681,560,121,"Adult"
"TF0794",2024-12-13,"COIMBATORE","TRICHY","MADURAI","Winter",49,TRUE,346,145,491,443,48,"Child"
"TF0795",2025-02-20,"TIRUCHENDUR","MADURAI","TRICHY","Winter",41,TRUE,295,220,515,455,60,"Adult"
"TF0796",2024-11-17,"SALEM","CHENNAI KILAMBAKKAM KCBT","MADURAI","Festive",33,TRUE,295,120,415,387,28,"Adult"
"TF0797",2025-02-11,"THANJAVUR","MADURAI","NAGERCOIL","Winter",44,TRUE,295,120,415,374,41,"Child"
"TF0798",2025-01-07,"TIRUCHENDUR","MADURAI","TRICHY","Winter",53,TRUE,680,220,900,831,69,"Adult"
"TF0799",2025-01-05,"SALEM","TRICHY","MADURAI","Winter",89,TRUE,497,280,777,652,125,"Senior"
"TF0800",2024-12-24,"SALEM","TRICHY","MADURAI","Winter",10,TRUE,497,280,777,659,118,"Child"
